"KEGG_ko","Length"
"ko:K00002",1347.29464285714
"ko:K00003",1303.34210526316
"ko:K00004",869.727272727273
"ko:K00006",1660.61344537815
"ko:K00008,ko:K05351",1336.42857142857
"ko:K00015",1192.1095890411
"ko:K00016",1581.86842105263
"ko:K00021",2526.71287128713
"ko:K00026",1338.91935483871
"ko:K00027",1893.84507042254
"ko:K00030",1089.35064935065
"ko:K00030,ko:K02899",935.108108108108
"ko:K00031",1299.47058823529
"ko:K00033",1790.83783783784
"ko:K00036",1684.078125
"ko:K00039,ko:K04708",716
"ko:K00045",1591.76470588235
"ko:K00052",991.815789473684
"ko:K00053",1460.52857142857
"ko:K00058",1768.45714285714
"ko:K00059",859.95652173913
"ko:K00062",1162.0625
"ko:K00063",1053.2027027027
"ko:K00077,ko:K00511",808.35
"ko:K00088",2082.225
"ko:K00101",1412.94642857143
"ko:K00102",1754.96
"ko:K00103,ko:K00107",1564.73333333333
"ko:K00111",1659.65217391304
"ko:K00118",1243.74418604651
"ko:K00121",1408.68
"ko:K00122",1399.14473684211
"ko:K00128",169.5
"ko:K00128,ko:K00129",1973.11111111111
"ko:K00128,ko:K00129,ko:K17819",1295.55555555556
"ko:K00129",326
"ko:K00133",1074.93103448276
"ko:K00134",1206.51769911504
"ko:K00135",1194.33333333333
"ko:K00143",2740.17857142857
"ko:K00147",889.636363636364
"ko:K00161",1247.5
"ko:K00162",1434.26086956522
"ko:K00164",2687.3164556962
"ko:K00181,ko:K15323",165
"ko:K00211",1041.6835443038
"ko:K00218",851.15625
"ko:K00222",1282.73333333333
"ko:K00223",1319.5625
"ko:K00226",796
"ko:K00226,ko:K00254",1198.78378378378
"ko:K00227",1843.29411764706
"ko:K00228",1363.36956521739
"ko:K00231",936.772727272727
"ko:K00232",1347.55384615385
"ko:K00234",1734.84782608696
"ko:K00235",1122.39130434783
"ko:K00236",720.166666666667
"ko:K00237",627.243243243243
"ko:K00237,ko:K17791",431.727272727273
"ko:K00249",1275.6
"ko:K00262",1641.06
"ko:K00264",3827.72535211268
"ko:K00272,ko:K00273",621.6
"ko:K00273",1397.14285714286
"ko:K00275",929.095238095238
"ko:K00276",1795.3
"ko:K00281",2050.26315789474
"ko:K00286",708.219512195122
"ko:K00286,ko:K00318,ko:K14454",1370.77611940299
"ko:K00287",689.3
"ko:K00288",2303.81927710843
"ko:K00290,ko:K11874",734.142857142857
"ko:K00293,ko:K00797",1720.09756097561
"ko:K00294",1502.15094339623
"ko:K00295",999
"ko:K00297",1733.17073170732
"ko:K00306",1853.5
"ko:K00311",1064.59322033898
"ko:K00326",974.106382978723
"ko:K00327",1961.37313432836
"ko:K00344",1281.73170731707
"ko:K00344,ko:K00384",1075.07142857143
"ko:K00354",1297.79710144928
"ko:K00365",810.75
"ko:K00380",2221.56666666667
"ko:K00381",3481.51648351648
"ko:K00382,ko:K17583",1859.15
"ko:K00383",1818.77586206897
"ko:K00390",743
"ko:K00411",672.1
"ko:K00412",846
"ko:K00413",1291.81818181818
"ko:K00413,ko:K10632",1496.87234042553
"ko:K00413,ko:K22399",971.232558139535
"ko:K00414",1726.83673469388
"ko:K00415",1489.22448979592
"ko:K00416",640.607142857143
"ko:K00417",521.689655172414
"ko:K00418",422.1
"ko:K00419",318.348837209302
"ko:K00420",475.105263157895
"ko:K00428",1251.94444444444
"ko:K00432",530.307692307692
"ko:K00452",429.4
"ko:K00459",1284.55555555556
"ko:K00463",1381.88372093023
"ko:K00467",1217.75
"ko:K00469",697.2
"ko:K00471",967.064516129032
"ko:K00474",749.333333333333
"ko:K00486",1176.77419354839
"ko:K00493",893.764705882353
"ko:K00507",1700.69491525424
"ko:K00507,ko:K22377",2026.84375
"ko:K00511",1831.90384615385
"ko:K00547",1052.625
"ko:K00549",2393.15853658537
"ko:K00551",699.375
"ko:K00555",1254.88732394366
"ko:K00559",1335.73333333333
"ko:K00560",766.428571428571
"ko:K00565",734.04
"ko:K00567",399.272727272727
"ko:K00568,ko:K00591",804.837209302326
"ko:K00586",750.352941176471
"ko:K00587",371.666666666667
"ko:K00589",1386.15517241379
"ko:K00600",1414.625
"ko:K00601",384.230769230769
"ko:K00602",1811.65714285714
"ko:K00604",734.264150943396
"ko:K00605",818.133333333333
"ko:K00606",673.35
"ko:K00611",1031.08163265306
"ko:K00615",2063.75342465753
"ko:K00616",1175.59322033898
"ko:K00618",1346.22580645161
"ko:K00620",820.875
"ko:K00621",543
"ko:K00624",1511.20879120879
"ko:K00626",1053.30769230769
"ko:K00627",1321.23711340206
"ko:K00637",1971.24590163934
"ko:K00641",1628.47297297297
"ko:K00643",1740.72580645161
"ko:K00645",674.142857142857
"ko:K00652,ko:K01598",1158.10526315789
"ko:K00654",1659.32608695652
"ko:K00658",1318.02857142857
"ko:K00664",1600.125
"ko:K00667",4410.46153846154
"ko:K00667,ko:K00668",6259.64516129032
"ko:K00670",365.470588235294
"ko:K00671",1095.46153846154
"ko:K00679",1535.34545454545
"ko:K00681",691
"ko:K00681,ko:K18592",1119.40740740741
"ko:K00683",834.724137931035
"ko:K00685",1214.64
"ko:K00688",3392
"ko:K00688,ko:K03155,ko:K15149",600
"ko:K00693",2072.92207792208
"ko:K00697",1618.05
"ko:K00697,ko:K16055,ko:K22337",3116.68421052632
"ko:K00698",1955.59154929577
"ko:K00700",1706.68656716418
"ko:K00700,ko:K02133",1577.90769230769
"ko:K00706",3299.82295081967
"ko:K00720",1415.61290322581
"ko:K00721",1035.81818181818
"ko:K00728",1754.02473498233
"ko:K00729",930
"ko:K00730",118.5
"ko:K00750",1244.25
"ko:K00759",572.444444444444
"ko:K00761",554.4
"ko:K00762",847.836734693878
"ko:K00763",732.84
"ko:K00764",878.207547169811
"ko:K00765",1221.42857142857
"ko:K00766",849.3
"ko:K00767",834.923076923077
"ko:K00772",679.4
"ko:K00784",1405.30769230769
"ko:K00787",933.692307692308
"ko:K00789",1581.38028169014
"ko:K00791",706.4
"ko:K00793",520.2
"ko:K00794",495.51724137931
"ko:K00797",976.95
"ko:K00799",979.555555555556
"ko:K00799,ko:K01872,ko:K03233,ko:K10028",496
"ko:K00801",1376.65909090909
"ko:K00802",643.064516129032
"ko:K00804",635.775
"ko:K00809",1358.8085106383
"ko:K00814",1172.7
"ko:K00817",1004.83783783784
"ko:K00818",1705.78846153846
"ko:K00819",1848.49180327869
"ko:K00820",1447.96551724138
"ko:K00826",1107.05
"ko:K00830",1145.35294117647
"ko:K00831",1128.08333333333
"ko:K00833,ko:K19562",1086.41538461538
"ko:K00838",1502.24242424242
"ko:K00844",1563.1875
"ko:K00849",1187.79310344828
"ko:K00850",3197.02463054187
"ko:K00851",599.478260869565
"ko:K00852",586.628571428571
"ko:K00854",1757.85365853659
"ko:K00856",1160.71153846154
"ko:K00858",1450.91379310345
"ko:K00859",536.538461538462
"ko:K00860",923.594594594595
"ko:K00861",650.8125
"ko:K00863",1853.78350515464
"ko:K00864",1161.13043478261
"ko:K00866",699.461538461538
"ko:K00866,ko:K00894",1359.78571428571
"ko:K00868",740.641791044776
"ko:K00869",834.688524590164
"ko:K00872",917.222222222222
"ko:K00873",1998.43636363636
"ko:K00876",808.7625
"ko:K00877",1662.88524590164
"ko:K00888",2251.7109375
"ko:K00889",1859.12658227848
"ko:K00898",763.333333333333
"ko:K00900",1633.97727272727
"ko:K00902,ko:K05542",821.291666666667
"ko:K00914",1642.58823529412
"ko:K00915,ko:K14399",692.347826086957
"ko:K00916",1102.57142857143
"ko:K00921",2072.53676470588
"ko:K00927",1380.64516129032
"ko:K00928",1197.69230769231
"ko:K00931",1086.4
"ko:K00938",872.842105263158
"ko:K00939",917.692307692308
"ko:K00939,ko:K00944",616.7
"ko:K00940",657.620689655172
"ko:K00942",608.25
"ko:K00943",531
"ko:K00948",1148.04545454545
"ko:K00949",673.256756756757
"ko:K00953",549.31914893617
"ko:K00958",1276.69090909091
"ko:K00963",1557.67605633803
"ko:K00965",885.909090909091
"ko:K00966",1249.32
"ko:K00967",1053.1
"ko:K00968",1176.05882352941
"ko:K00972",1185.23076923077
"ko:K00974",1128.85714285714
"ko:K00981",1358.05263157895
"ko:K00987",973.770491803279
"ko:K00988",980.475
"ko:K00993,ko:K00994",1161.06818181818
"ko:K00995",1104.03797468354
"ko:K00999",624.583333333333
"ko:K01001",864.537313432836
"ko:K01011",1032.81081081081
"ko:K01012",1205.79310344828
"ko:K01046",710.01724137931
"ko:K01046,ko:K02152",592.530612244898
"ko:K01052",1285.1625
"ko:K01054",1020
"ko:K01056",399.25
"ko:K01057",1144.61320754717
"ko:K01061",875.142857142857
"ko:K01067",1791.49180327869
"ko:K01068,ko:K11992",817
"ko:K01069",921.978260869565
"ko:K01070",909.363636363636
"ko:K01077",1401.70212765957
"ko:K01078",1509.24683544304
"ko:K01079",718.461538461538
"ko:K01082",1175.41666666667
"ko:K01092",803.823529411765
"ko:K01094",695.108108108108
"ko:K01098",1114.89130434783
"ko:K01101",795.913043478261
"ko:K01101,ko:K02685",956.425531914894
"ko:K01102",1322.9375
"ko:K01104",892.975609756098
"ko:K01104,ko:K01110",475.241379310345
"ko:K01104,ko:K19806",2741.30434782609
"ko:K01106,ko:K01974",1021.09090909091
"ko:K01111",923.684210526316
"ko:K01115",2722.51401869159
"ko:K01120",1197.2
"ko:K01120,ko:K03233",1696.79411764706
"ko:K01126,ko:K18694",1006.58333333333
"ko:K01127",2049.27272727273
"ko:K01130",1824.67741935484
"ko:K01164",1356.91463414634
"ko:K01166",1485.33962264151
"ko:K01173",666.697674418605
"ko:K01174",523.083333333333
"ko:K01178",1612.61842105263
"ko:K01180",2126.41463414634
"ko:K01182,ko:K01187",1853.20833333333
"ko:K01183",1079.52127659574
"ko:K01183,ko:K10955,ko:K19898,ko:K22023",864.75
"ko:K01184,ko:K01213",1152
"ko:K01188,ko:K05349",3219
"ko:K01190",5007
"ko:K01191",2206.28571428571
"ko:K01191,ko:K10084",1370.59322033898
"ko:K01192,ko:K01624",1347.03296703297
"ko:K01193",1704.25
"ko:K01194",2251.33333333333
"ko:K01196",3495.05357142857
"ko:K01210",1375.23529411765
"ko:K01216",1512
"ko:K01228",2118.95454545455
"ko:K01230",1472.64406779661
"ko:K01238",1762.66265060241
"ko:K01240",840.583333333333
"ko:K01247",409.235294117647
"ko:K01251",1531.06666666667
"ko:K01251,ko:K20237",278
"ko:K01254,ko:K15428",1646.52173913043
"ko:K01256,ko:K13721",2757.62837837838
"ko:K01262",2022.26530612245
"ko:K01262,ko:K06111",2011.67796610169
"ko:K01264",1469.7
"ko:K01265",1232.97115384615
"ko:K01266,ko:K03859",527.5
"ko:K01267",1379.32075471698
"ko:K01268",1481.23728813559
"ko:K01273",1031.8125
"ko:K01277",1461.53333333333
"ko:K01282",1855.41176470588
"ko:K01288",2151.87341772152
"ko:K01293",2202.59668508287
"ko:K01301",1828.25257731959
"ko:K01336",2223.93975903614
"ko:K01338",2313
"ko:K01341",2280.66666666667
"ko:K01372",970.5
"ko:K01379,ko:K01381",1239.375
"ko:K01381",1772.36363636364
"ko:K01383,ko:K06005,ko:K06009",1543.70658682635
"ko:K01405,ko:K13726",1753.69230769231
"ko:K01408",2534.12068965517
"ko:K01409",1001.71084337349
"ko:K01410",1181.96511627907
"ko:K01412",1312.03846153846
"ko:K01422",1721.18518518519
"ko:K01424",892.65
"ko:K01426",1461.58878504673
"ko:K01426,ko:K12190",1319.91891891892
"ko:K01431,ko:K11206",720.923076923077
"ko:K01440",628.628571428571
"ko:K01452",484.9375
"ko:K01456",943.028571428571
"ko:K01464",1436.625
"ko:K01465",1031.86046511628
"ko:K01466",881.224137931035
"ko:K01469",3597.45569620253
"ko:K01476",1029.97297297297
"ko:K01477,ko:K01483",1041.14285714286
"ko:K01480",1504.47540983607
"ko:K01483",580.92
"ko:K01485",596.1
"ko:K01487",1149.82258064516
"ko:K01488",879.142857142857
"ko:K01489",436.25
"ko:K01490",1893.67924528302
"ko:K01493",632.594594594595
"ko:K01493,ko:K01663",1616.92307692308
"ko:K01493,ko:K08337",1189.86956521739
"ko:K01495",521.357142857143
"ko:K01497",1058.09302325581
"ko:K01501,ko:K13035",1314.675
"ko:K01507",1023.78571428571
"ko:K01509",1398.6
"ko:K01509,ko:K01530",2019.70992366412
"ko:K01509,ko:K01530,ko:K01537",3053.765625
"ko:K01509,ko:K02021,ko:K05657",1361.2602739726
"ko:K01509,ko:K03695",1685.26923076923
"ko:K01509,ko:K20293",1718
"ko:K01514",937.032786885246
"ko:K01515",791
"ko:K01518",847.133333333333
"ko:K01519,ko:K18532",665.53125
"ko:K01520",465.6
"ko:K01522",800
"ko:K01525",979.392857142857
"ko:K01526",1198.78947368421
"ko:K01527",635.769230769231
"ko:K01530",2164.62162162162
"ko:K01533",2645.4
"ko:K01535",3909.9435483871
"ko:K01536",2164.36363636364
"ko:K01537",2276.73529411765
"ko:K01537,ko:K14950",2314.71428571429
"ko:K01537,ko:K20291",2146.52054794521
"ko:K01549",480.142857142857
"ko:K01551",774.18
"ko:K01556",1111.76470588235
"ko:K01557",864.947368421053
"ko:K01568",1740.76829268293
"ko:K01580",2603.64285714286
"ko:K01581",1142.20588235294
"ko:K01591,ko:K13421",881.057142857143
"ko:K01597",1292.04
"ko:K01599",917.142857142857
"ko:K01610",932.625
"ko:K01611",1268.31818181818
"ko:K01613",1993.77551020408
"ko:K01619",1270.16666666667
"ko:K01620",1435.41176470588
"ko:K01626",1100.4
"ko:K01634",1676.40983606557
"ko:K01637",1102.52542372881
"ko:K01638",1427.4
"ko:K01640,ko:K09522",1491.18367346939
"ko:K01641",2000.13698630137
"ko:K01647",1416.36
"ko:K01649",2063.5
"ko:K01652",2377.265625
"ko:K01653",733.243902439024
"ko:K01655",1661.65048543689
"ko:K01656,ko:K13501",1030.425
"ko:K01657",1181.66666666667
"ko:K01669",1933.05405405405
"ko:K01669,ko:K06480,ko:K06965",238.714285714286
"ko:K01673",963.967741935484
"ko:K01679",1488
"ko:K01681",2322.95833333333
"ko:K01687",1394.86153846154
"ko:K01689",1546.63636363636
"ko:K01693",754.5
"ko:K01694",1676.94642857143
"ko:K01697",1292.76923076923
"ko:K01698",848.52
"ko:K01702",2228.58461538462
"ko:K01705",1607.28169014085
"ko:K01719",562.65
"ko:K01720",1234.09090909091
"ko:K01724",207.428571428571
"ko:K01733",1299.77419354839
"ko:K01736",1028.16279069767
"ko:K01738",1111.04545454545
"ko:K01739",1545.25301204819
"ko:K01739,ko:K01760",1085.13157894737
"ko:K01749",1191.3829787234
"ko:K01754",1250.75409836066
"ko:K01755",1546.39024390244
"ko:K01756",934.682926829268
"ko:K01758",1478.73684210526
"ko:K01759",1262.15789473684
"ko:K01760",1264.05263157895
"ko:K01763,ko:K20247",965.0625
"ko:K01764",814.636363636364
"ko:K01768",2702.44615384615
"ko:K01771",1349.57142857143
"ko:K01772",966.72972972973
"ko:K01783",748.058823529412
"ko:K01784,ko:K01785",1427.68656716418
"ko:K01792",983.428571428571
"ko:K01802",749.446808510638
"ko:K01802,ko:K03768,ko:K03770",785.744680851064
"ko:K01802,ko:K12737",843.857142857143
"ko:K01803",870.391304347826
"ko:K01807",693.545454545455
"ko:K01809",1133.74468085106
"ko:K01810",1883.29411764706
"ko:K01814",735.230769230769
"ko:K01817",694.304347826087
"ko:K01823",661.909090909091
"ko:K01834",951.336
"ko:K01835",1746.49180327869
"ko:K01835,ko:K15779",2015.41071428571
"ko:K01836",1113.57142857143
"ko:K01850",689.75
"ko:K01852",1580.84745762712
"ko:K01855",894.461538461538
"ko:K01858",1219.92857142857
"ko:K01866",1045.0206185567
"ko:K01867",1222.4
"ko:K01867,ko:K02946",693
"ko:K01868",1273.81578947368
"ko:K01869",1794.25324675325
"ko:K01870",1828.59537572254
"ko:K01872",1666.54054054054
"ko:K01872,ko:K01873,ko:K03233,ko:K15439",435
"ko:K01872,ko:K07050",879.324324324324
"ko:K01873",2391.02830188679
"ko:K01874",1373.37096774194
"ko:K01875",1063.79464285714
"ko:K01876",1189.12087912088
"ko:K01876,ko:K22503",2095.72881355932
"ko:K01880",2041.40963855422
"ko:K01881",1502.39097744361
"ko:K01883",1398.51428571429
"ko:K01885",1332.09090909091
"ko:K01886",1504.33846153846
"ko:K01887",1482.18987341772
"ko:K01889",1189.12121212121
"ko:K01890",1204.375
"ko:K01892",1413
"ko:K01893",1133.31683168317
"ko:K01895",1827.69230769231
"ko:K01897",2134.6511627907
"ko:K01899",1110.6
"ko:K01900",1266.67346938776
"ko:K01915",1443.66
"ko:K01918",718.741935483871
"ko:K01922,ko:K11237",853.076923076923
"ko:K01923",776.903225806452
"ko:K01930,ko:K17785",969.814285714286
"ko:K01934",493.333333333333
"ko:K01934,ko:K02731,ko:K22255",291
"ko:K01935",527.2
"ko:K01937",2291.74285714286
"ko:K01939",1281.36
"ko:K01940",1611.72580645161
"ko:K01942",1781.71621621622
"ko:K01950",1304.47058823529
"ko:K01951",1248.34285714286
"ko:K01951,ko:K22314",720.25
"ko:K01952",2770.53191489362
"ko:K01953",1893.42391304348
"ko:K01954,ko:K11541",4356.43448275862
"ko:K01955",2331.58620689655
"ko:K01956",1143.24
"ko:K01958",3383.765625
"ko:K01988,ko:K11363,ko:K15892",171.6
"ko:K02021,ko:K05657",1211.6
"ko:K02125",130.5
"ko:K02126",413.210526315789
"ko:K02127",920.68085106383
"ko:K02128,ko:K03880",360.333333333333
"ko:K02132",1975.8
"ko:K02134",680.553191489362
"ko:K02135",375.25
"ko:K02136",1014.31914893617
"ko:K02137",797.571428571429
"ko:K02138",597
"ko:K02139",674.642857142857
"ko:K02140",469.090909090909
"ko:K02141",469.2
"ko:K02142",206.538461538462
"ko:K02143",247.75
"ko:K02144",1447.90909090909
"ko:K02145",2294.14285714286
"ko:K02146",1286.14285714286
"ko:K02147",1549.84
"ko:K02148",1257.88636363636
"ko:K02149",942.978260869565
"ko:K02150",765.333333333333
"ko:K02151",565.6
"ko:K02152",706.2
"ko:K02153",363.139534883721
"ko:K02154",2249.33076923077
"ko:K02155",550.058823529412
"ko:K02178,ko:K06680",1103.1976744186
"ko:K02179",678.78
"ko:K02180",655.945945945946
"ko:K02181",1104.34285714286
"ko:K02183",482.489361702128
"ko:K02201",666.576923076923
"ko:K02202",724.769230769231
"ko:K02207",843.794117647059
"ko:K02208",792.779220779221
"ko:K02209",1468.93421052632
"ko:K02210",1984.55555555556
"ko:K02212",1569.55813953488
"ko:K02213",832.846153846154
"ko:K02214",917
"ko:K02216",1091.16923076923
"ko:K02218",1784.73267326733
"ko:K02219",407.454545454545
"ko:K02220",1159.38461538462
"ko:K02220,ko:K06659",812.070422535211
"ko:K02256",2108.75342465753
"ko:K02257",948.160714285714
"ko:K02258",720.09375
"ko:K02259",1273.60714285714
"ko:K02260",255
"ko:K02261",574.09756097561
"ko:K02262",712.227272727273
"ko:K02263",658.753846153846
"ko:K02264",555.441176470588
"ko:K02265",956.052631578947
"ko:K02266",500.892857142857
"ko:K02267",359.322580645161
"ko:K02269",347.916666666667
"ko:K02272",384.677419354839
"ko:K02304",623.837837837838
"ko:K02307",709.137931034483
"ko:K02309",1063.55
"ko:K02320",2408.93258426966
"ko:K02321",1122.10714285714
"ko:K02324",2284.375
"ko:K02325",1191.66
"ko:K02326",440.41935483871
"ko:K02327",1573.60344827586
"ko:K02328",980.25
"ko:K02331",1598.94174757282
"ko:K02332",1441.60526315789
"ko:K02350",1733.35714285714
"ko:K02355",1400.03731343284
"ko:K02357",198.5
"ko:K02358",1306.828125
"ko:K02365",1384.9746835443
"ko:K02427,ko:K15508",659.25
"ko:K02433",895.08
"ko:K02434",1129.95454545455
"ko:K02437",583.727272727273
"ko:K02515,ko:K06668,ko:K18679,ko:K18680",1969.71676300578
"ko:K02515,ko:K18679,ko:K18680",147
"ko:K02516",1543.06451612903
"ko:K02519",1246.76923076923
"ko:K02537",378.75
"ko:K02540",1582.72941176471
"ko:K02541",1898.86046511628
"ko:K02542",1885.71428571429
"ko:K02543,ko:K06640",1293.59459459459
"ko:K02544",948.916666666667
"ko:K02555",1079.54347826087
"ko:K02603",2121.7
"ko:K02604,ko:K06199",1053.45762711864
"ko:K02605",1063.17073170732
"ko:K02606",1153
"ko:K02607",1295.60869565217
"ko:K02608",1027.54545454545
"ko:K02619",658.545454545455
"ko:K02627",989.4375
"ko:K02646",1234.25454545455
"ko:K02677,ko:K18050",2429.24096385542
"ko:K02684",726.9
"ko:K02725",848
"ko:K02726",733.344827586207
"ko:K02727",1006.02857142857
"ko:K02728",974.846153846154
"ko:K02729",735.081081081081
"ko:K02730",684.6
"ko:K02731",1256.925
"ko:K02731,ko:K14347",1247.32075471698
"ko:K02732",1058.07692307692
"ko:K02734",662.25
"ko:K02735",1153.60465116279
"ko:K02736",708.146341463415
"ko:K02737",837.891891891892
"ko:K02738",1020.15
"ko:K02738,ko:K06316,ko:K11369",121.5
"ko:K02739",996.84375
"ko:K02830",1048.63043478261
"ko:K02831,ko:K06641",1139.58904109589
"ko:K02835",790.6
"ko:K02838",472.375
"ko:K02858",511.607142857143
"ko:K02863",787.076923076923
"ko:K02864",610.08
"ko:K02865",991.521739130435
"ko:K02866",752.785714285714
"ko:K02867",521.785714285714
"ko:K02868",805.08
"ko:K02870",824.327586206897
"ko:K02871",402.625
"ko:K02872",986.113636363636
"ko:K02873",900.676056338028
"ko:K02875",885.287671232877
"ko:K02876",708.454545454545
"ko:K02877",782.114754098361
"ko:K02879",671.25
"ko:K02880",793.269230769231
"ko:K02882",894.184615384615
"ko:K02883",1331.15217391304
"ko:K02884",511.636363636364
"ko:K02885",1053.57352941176
"ko:K02889",751.621621621622
"ko:K02891",658.557692307692
"ko:K02892",891.685714285714
"ko:K02893",549
"ko:K02894",769.215189873418
"ko:K02895",791.888888888889
"ko:K02896",854.972222222222
"ko:K02898",810.86301369863
"ko:K02900,ko:K11273",618.37037037037
"ko:K02901",645.317647058824
"ko:K02902",774
"ko:K02905",393.157894736842
"ko:K02906",602.545454545455
"ko:K02907",351.136363636364
"ko:K02908",649.777777777778
"ko:K02910",556.235294117647
"ko:K02911",482.842105263158
"ko:K02912",403.295454545455
"ko:K02914",272.076923076923
"ko:K02915",628.531914893617
"ko:K02917",584.431034482759
"ko:K02918",584.7
"ko:K02919",206.857142857143
"ko:K02920",686.861538461538
"ko:K02921",596.1
"ko:K02922",541.65
"ko:K02923",302.769230769231
"ko:K02924",384.552631578947
"ko:K02925",1101.58333333333
"ko:K02926",859.941176470588
"ko:K02927",775.607142857143
"ko:K02927,ko:K15219",563.8125
"ko:K02928",187.5
"ko:K02929",649.875
"ko:K02930",1454.5
"ko:K02931",731.129032258065
"ko:K02932",1248.62068965517
"ko:K02933",651
"ko:K02934",820.344827586207
"ko:K02935",497.818181818182
"ko:K02936",1174.02857142857
"ko:K02937",1095.60526315789
"ko:K02938",1005.1724137931
"ko:K02940",929.53125
"ko:K02941",1047.76363636364
"ko:K02942",576.692307692308
"ko:K02943",525.35
"ko:K02947",647.727272727273
"ko:K02948",1861.8
"ko:K02949",966.923076923077
"ko:K02950",422.892857142857
"ko:K02951",770.071428571429
"ko:K02952",348.9
"ko:K02953",875.121951219512
"ko:K02954",300.176470588235
"ko:K02955",682.269230769231
"ko:K02956",727.571428571429
"ko:K02957",1083.68181818182
"ko:K02958",642.257142857143
"ko:K02959",301
"ko:K02960",760.72
"ko:K02961",839.739130434783
"ko:K02962",758.75
"ko:K02963",458.210526315789
"ko:K02964",725.486842105263
"ko:K02966",799.457142857143
"ko:K02967",649.083333333333
"ko:K02969",622.621621621622
"ko:K02971",453.285714285714
"ko:K02973",516.75
"ko:K02974",831.9
"ko:K02975",609.295081967213
"ko:K02976",586.271186440678
"ko:K02977",784.4
"ko:K02978",308.7
"ko:K02979",390.96
"ko:K02980",390.552631578947
"ko:K02981",1060.9
"ko:K02983",454.210526315789
"ko:K02984",1041.45205479452
"ko:K02985",877.085106382979
"ko:K02987",1006.1875
"ko:K02988",897.06976744186
"ko:K02989",649.392857142857
"ko:K02990",382.75
"ko:K02991",1044.62903225806
"ko:K02992",544.40625
"ko:K02993",1051.62222222222
"ko:K02994",443.4
"ko:K02995",1101.44594594595
"ko:K02996",607.777777777778
"ko:K02997",965.703296703297
"ko:K02998",1206.75
"ko:K02999",3554.51515151515
"ko:K03000",324
"ko:K03001",473
"ko:K03002",2107.44155844156
"ko:K03003",603.25
"ko:K03004",823.65306122449
"ko:K03005",772.230769230769
"ko:K03006",4233.09160305344
"ko:K03007",221.454545454545
"ko:K03008",365.428571428571
"ko:K03009",360.75
"ko:K03010",2462.41237113402
"ko:K03011",909
"ko:K03012",922.5
"ko:K03013",717.857142857143
"ko:K03014",670.642857142857
"ko:K03015",600.333333333333
"ko:K03016",532.125
"ko:K03017",452.4
"ko:K03018,ko:K21594",2990.08421052632
"ko:K03019",353.333333333333
"ko:K03020",416.896551724138
"ko:K03021",1732.07894736842
"ko:K03022",543.096774193548
"ko:K03023",1312.78125
"ko:K03024",606.692307692308
"ko:K03025",702.310344827586
"ko:K03026",911.454545454545
"ko:K03027",1037.14285714286
"ko:K03028",2463.79411764706
"ko:K03029",960.9
"ko:K03030",926.487804878049
"ko:K03031",890.8
"ko:K03032",1828.85915492958
"ko:K03033,ko:K03126",1932.6976744186
"ko:K03034",1721.55319148936
"ko:K03035",1315.53191489362
"ko:K03036",1315.92307692308
"ko:K03037",953.347826086957
"ko:K03038",806.274193548387
"ko:K03039",1103.25
"ko:K03061",1551.51724137931
"ko:K03062",1565.09589041096
"ko:K03063",1068.73469387755
"ko:K03064",1165.13333333333
"ko:K03065",1171.8
"ko:K03066",1167.23076923077
"ko:K03083,ko:K08282,ko:K12766",2253.60759493671
"ko:K03083,ko:K08286,ko:K08822,ko:K22009",1687.5
"ko:K03083,ko:K12766",850.411764705882
"ko:K03085",739.153846153846
"ko:K03094",666.636363636364
"ko:K03097",977.808510638298
"ko:K03099",2190.09836065574
"ko:K03104",404.357142857143
"ko:K03105",747.913043478261
"ko:K03106",1525.3125
"ko:K03107",1447.6875
"ko:K03108",1355.05263157895
"ko:K03113",528.923076923077
"ko:K03114",1440.61538461538
"ko:K03115",883.864864864865
"ko:K03116",231
"ko:K03119,ko:K19245",986.142857142857
"ko:K03120",719.351351351351
"ko:K03122",803.692307692308
"ko:K03123",582.931034482759
"ko:K03124",1138.8
"ko:K03125",1990.275
"ko:K03126",1350.61363636364
"ko:K03127",479.823529411765
"ko:K03128",2399.43564356436
"ko:K03130",1288.01298701299
"ko:K03131",903
"ko:K03132",1381.875
"ko:K03133",559.714285714286
"ko:K03134",547.645161290323
"ko:K03135",763.885714285714
"ko:K03136",1337.20408163265
"ko:K03137",1035
"ko:K03138",1818.65
"ko:K03139",1056.38461538462
"ko:K03140,ko:K11403",539.842105263158
"ko:K03140,ko:K15306",912.136363636364
"ko:K03141",1202.90769230769
"ko:K03142",988.116279069767
"ko:K03143",988.5
"ko:K03144",1107.22058823529
"ko:K03145",667.258064516129
"ko:K03146",966.6
"ko:K03163",1735.79104477612
"ko:K03164",1872.39252336449
"ko:K03165",934.573770491803
"ko:K03177",839.282608695652
"ko:K03178",2219.54794520548
"ko:K03186",695.25
"ko:K03217",1076.89285714286
"ko:K03218,ko:K15507",806.382352941176
"ko:K03231",1318.87769784173
"ko:K03232",1006.125
"ko:K03233",882.75
"ko:K03234",2764.17647058824
"ko:K03235",2595.59420289855
"ko:K03236",515.615384615385
"ko:K03237",785.925
"ko:K03238",919.95652173913
"ko:K03239",856.542857142857
"ko:K03240",1469.63076923077
"ko:K03241",952.442307692308
"ko:K03242",1271.19047619048
"ko:K03243",2622.87
"ko:K03245",952.040816326531
"ko:K03246",1512
"ko:K03248,ko:K20304",866.785714285714
"ko:K03251,ko:K15340",978.784615384615
"ko:K03252",1686.4
"ko:K03253",2060.55882352941
"ko:K03254",3162.13432835821
"ko:K03255",2427.45454545455
"ko:K03256",1076.88679245283
"ko:K03257",1628.54166666667
"ko:K03258",1405.83050847458
"ko:K03259",832.631578947368
"ko:K03260",3883.55421686747
"ko:K03261",713.294117647059
"ko:K03262",1338.54545454545
"ko:K03263",812.089285714286
"ko:K03264",840.75
"ko:K03265",1235.93023255814
"ko:K03267",2585.7037037037
"ko:K03283",2189.1568627451
"ko:K03293",1286.35714285714
"ko:K03293,ko:K16261",371.333333333333
"ko:K03305",2067.56756756757
"ko:K03316",1832.04255319149
"ko:K03320",1672.08620689655
"ko:K03321",2145.33802816901
"ko:K03325",687
"ko:K03327",1466.50295857988
"ko:K03347",1949.59090909091
"ko:K03348",2416.14705882353
"ko:K03349",1598.55737704918
"ko:K03350",1106.0625
"ko:K03351",1011.375
"ko:K03352",1119.28846153846
"ko:K03353",1626.75
"ko:K03355",898.622950819672
"ko:K03356",679.04347826087
"ko:K03357",493.469387755102
"ko:K03358",370.090909090909
"ko:K03360",1267.20652173913
"ko:K03361,ko:K22071",2185.32
"ko:K03363",1114.64516129032
"ko:K03364",1289.04
"ko:K03386",797.37037037037
"ko:K03424",678.6
"ko:K03426",762.181818181818
"ko:K03434",429.80487804878
"ko:K03439,ko:K17887",624.724137931035
"ko:K03441",1760.7476635514
"ko:K03448",1117.75324675325
"ko:K03456",1630.81034482759
"ko:K03457",1640.06578947368
"ko:K03458",1851.94736842105
"ko:K03469",682.578947368421
"ko:K03495,ko:K12479",1008.55172413793
"ko:K03504",836.659090909091
"ko:K03506",517
"ko:K03507",1051.85526315789
"ko:K03507,ko:K15255",1206.97297297297
"ko:K03508",489.260869565217
"ko:K03509",1471
"ko:K03512,ko:K10981",1558.91666666667
"ko:K03514,ko:K12596",1394.87323943662
"ko:K03515",1393.96296296296
"ko:K03521",885.6
"ko:K03522",929.181818181818
"ko:K03537",341.423076923077
"ko:K03538",582.882352941176
"ko:K03539",704.921052631579
"ko:K03540",353.7
"ko:K03544",1194.675
"ko:K03549",1197.32142857143
"ko:K03564",724.695652173913
"ko:K03593",823.114285714286
"ko:K03626",627.631578947368
"ko:K03627",708.264705882353
"ko:K03644",967.384615384615
"ko:K03648",628.65
"ko:K03650",896.597014925373
"ko:K03657",1367.23255813953
"ko:K03660",677.777777777778
"ko:K03661",764.478260869565
"ko:K03671",518.084745762712
"ko:K03676",590.805194805195
"ko:K03678",731.828571428571
"ko:K03679",853.178571428571
"ko:K03680",1627.28571428571
"ko:K03681",521.15625
"ko:K03685",1136.26153846154
"ko:K03686",1222.39436619718
"ko:K03687",738.2
"ko:K03695",2919.10112359551
"ko:K03754",1001.34782608696
"ko:K03768,ko:K03770",126
"ko:K03778",259.2
"ko:K03781",2076.9
"ko:K03783",664.723404255319
"ko:K03800",752.093023255814
"ko:K03801",591.307692307692
"ko:K03809",911.90625
"ko:K03841",952.5
"ko:K03842",1127.66666666667
"ko:K03843",1515
"ko:K03844",1001.65384615385
"ko:K03845",1168.65957446809
"ko:K03846",978.63829787234
"ko:K03847",1282.75471698113
"ko:K03848",991
"ko:K03849",1638.21818181818
"ko:K03850",1019.80952380952
"ko:K03854",1222.99342105263
"ko:K03854,ko:K10967",672.857142857143
"ko:K03857",813.666666666667
"ko:K03858",392.5
"ko:K03860",1032.91304347826
"ko:K03861",403.875
"ko:K03868",356.806451612903
"ko:K03869",1379.175
"ko:K03872",366.947368421053
"ko:K03885",2028.58928571429
"ko:K03936",1070.26530612245
"ko:K03955",374.322580645161
"ko:K03978",816.340909090909
"ko:K03979,ko:K10277",959.563636363636
"ko:K04043",1782.28491620112
"ko:K04077",1509.83333333333
"ko:K04078",407.210526315789
"ko:K04079",2497.96153846154
"ko:K04082",439.772727272727
"ko:K04091",1731.96428571429
"ko:K04345",1404.18918918919
"ko:K04348",1441.30434782609
"ko:K04353,ko:K07836,ko:K07837",587.678571428571
"ko:K04354",1615.13636363636
"ko:K04371",883.974358974359
"ko:K04382",1407.47619047619
"ko:K04393",538.2
"ko:K04409",2011.44827586207
"ko:K04441",1491.10526315789
"ko:K04450,ko:K09045",1632.86538461538
"ko:K04450,ko:K09047",126
"ko:K04459",1656.80597014925
"ko:K04460",848.111111111111
"ko:K04464",1065
"ko:K04464,ko:K19847",1735.44827586207
"ko:K04482",822.45652173913
"ko:K04486",632.25
"ko:K04487",1471.66071428571
"ko:K04499",1212.57446808511
"ko:K04508",1197.68181818182
"ko:K04513,ko:K07975",870.622641509434
"ko:K04518",834.078947368421
"ko:K04523",1374.33333333333
"ko:K04532",899.470588235294
"ko:K04536",724.054054054054
"ko:K04554",505.125
"ko:K04555",530.714285714286
"ko:K04563",769.75
"ko:K04563,ko:K05916",1027.55172413793
"ko:K04564",806.265306122449
"ko:K04565",514.588235294118
"ko:K04567",1433.79245283019
"ko:K04569,ko:K07213",1017.48387096774
"ko:K04627",703.147058823529
"ko:K04630,ko:K04640",1433.73333333333
"ko:K04630,ko:K04640,ko:K19860",734.659090909091
"ko:K04646",3580.16037735849
"ko:K04648",2187.875
"ko:K04649",836.53125
"ko:K04705",1427.11363636364
"ko:K04706,ko:K20304",1343.22115384615
"ko:K04709",953.966666666667
"ko:K04711",302
"ko:K04711,ko:K05848",1286.76923076923
"ko:K04712",1333.03846153846
"ko:K04713",1036.59183673469
"ko:K04716",149.25
"ko:K04716,ko:K04717",1162.26923076923
"ko:K04718",1597.33846153846
"ko:K04728",2554.15662650602
"ko:K04739",1369.86
"ko:K04794",442.235294117647
"ko:K04797",659.583333333333
"ko:K04798",297.2
"ko:K04799",742.783783783784
"ko:K04802",698.590909090909
"ko:K05012",1723.32558139535
"ko:K05012,ko:K14798",1056.97674418605
"ko:K05236",2535.3829787234
"ko:K05275",1303.82608695652
"ko:K05283",1107.2
"ko:K05284",871.454545454545
"ko:K05285",1593.84269662921
"ko:K05286",828.655172413793
"ko:K05287",545.470588235294
"ko:K05288",1266.70093457944
"ko:K05289",1233.78947368421
"ko:K05290",903.12
"ko:K05291",1330.4
"ko:K05292",1302.86538461538
"ko:K05293",729.611111111111
"ko:K05294",1337.50549450549
"ko:K05302",980.34
"ko:K05310",1097.625
"ko:K05349,ko:K15564",947.4
"ko:K05355",1067.1875
"ko:K05389",1084.42105263158
"ko:K05528",156
"ko:K05528,ko:K05534",1118.30172413793
"ko:K05529",1048.11428571429
"ko:K05530",1446.94117647059
"ko:K05531",1068.675
"ko:K05532",928.95
"ko:K05533",1261.42857142857
"ko:K05535",1883.70833333333
"ko:K05536",1282.32203389831
"ko:K05537,ko:K10967",1035
"ko:K05538",2434.74193548387
"ko:K05538,ko:K10968",1690.82142857143
"ko:K05542",1191.76744186047
"ko:K05543",720.533333333333
"ko:K05544",1424.41666666667
"ko:K05545",1463.16666666667
"ko:K05546",1468.72941176471
"ko:K05605",1296.88888888889
"ko:K05609",462.3
"ko:K05610",1124.25
"ko:K05658",1873.67796610169
"ko:K05663",1725.67346938776
"ko:K05681",1967.41558441558
"ko:K05692",1026.94029850746
"ko:K05727",3661.33333333333
"ko:K05740,ko:K11238,ko:K17971",2390.77685950413
"ko:K05747",975.975609756098
"ko:K05749",681.625
"ko:K05754",636.260869565217
"ko:K05755",589.263157894737
"ko:K05756",529.241379310345
"ko:K05757",1455.30769230769
"ko:K05758",1054.62162162162
"ko:K05759",520.2
"ko:K05765",548.433962264151
"ko:K05767",2140.1625
"ko:K05770",447
"ko:K05821",1816.17721518987
"ko:K05824",1121.04255319149
"ko:K05841",2972.72727272727
"ko:K05857",1547.41791044776
"ko:K05863",1176.91304347826
"ko:K05864",1018.89230769231
"ko:K05894",1604
"ko:K05917",1417.03278688525
"ko:K05925",984.548387096774
"ko:K05954",969.786885245902
"ko:K05955",535.105263157895
"ko:K05956",730.74
"ko:K05994",738.583333333333
"ko:K06005,ko:K06009",1630.5
"ko:K06013",982.859154929577
"ko:K06018",2078.63513513513
"ko:K06027",1774.98648648649
"ko:K06030",1667.65384615385
"ko:K06035",562.875
"ko:K06062",887.263157894737
"ko:K06063",1078.55172413793
"ko:K06067",967.764705882353
"ko:K06072",833.228571428571
"ko:K06100",1627.15909090909
"ko:K06110",1344.95833333333
"ko:K06116",327
"ko:K06116,ko:K06117",1140.66
"ko:K06123",771.833333333333
"ko:K06125",1071.64285714286
"ko:K06126",1356.17391304348
"ko:K06127",1024.60465116279
"ko:K06128,ko:K06130,ko:K06999",832.054054054054
"ko:K06133",491.583333333333
"ko:K06134",675.75
"ko:K06158",1242.2380952381
"ko:K06173",770.5
"ko:K06173,ko:K15452",1445.25
"ko:K06174",1147.04761904762
"ko:K06176",1015.23287671233
"ko:K06185",1670.07692307692
"ko:K06199",922.163265306122
"ko:K06210",1124.78181818182
"ko:K06215",879.555555555556
"ko:K06268",584.444444444444
"ko:K06269",1445.09340659341
"ko:K06276",1887.86538461538
"ko:K06276,ko:K11650,ko:K11760,ko:K11775",1149.29268292683
"ko:K06276,ko:K11650,ko:K11775",154.5
"ko:K06287",647.113636363636
"ko:K06316",1199.72413793103
"ko:K06628",1065.51136363636
"ko:K06630",1442.26363636364
"ko:K06631,ko:K06660",1247.8875
"ko:K06634",761.863636363636
"ko:K06636",1546.37234042553
"ko:K06639",893.08064516129
"ko:K06641",1186.68421052632
"ko:K06641,ko:K08286,ko:K08794,ko:K12776",942.80487804878
"ko:K06646",1133.91428571429
"ko:K06647",1566.9
"ko:K06648",1539.97297297297
"ko:K06649",1460.7619047619
"ko:K06650",550
"ko:K06650,ko:K12760",1607.58
"ko:K06651",848.411764705882
"ko:K06652",1888.04347826087
"ko:K06653",1409.93793103448
"ko:K06653,ko:K13345",844.428571428571
"ko:K06654",807.176470588235
"ko:K06655,ko:K08282",902.28
"ko:K06656,ko:K06657",704.951612903226
"ko:K06658",1717.01886792453
"ko:K06661,ko:K15322",2286.82352941176
"ko:K06662",1266.525
"ko:K06663",1170.5625
"ko:K06664",781.875
"ko:K06665",2282.91176470588
"ko:K06666",1708.92857142857
"ko:K06667,ko:K07760",697.826086956522
"ko:K06669",1724.82954545455
"ko:K06670",1191.25
"ko:K06671",1923.25714285714
"ko:K06672",1281.86440677966
"ko:K06673",1299.55263157895
"ko:K06674",1336.31707317073
"ko:K06675",1726.02702702703
"ko:K06676",1330
"ko:K06677",1415.85576923077
"ko:K06678",1550.91666666667
"ko:K06679,ko:K18203",1505.38775510204
"ko:K06681",1755.42857142857
"ko:K06682",687.290322580645
"ko:K06683",1237.5
"ko:K06684,ko:K06686",1191.46428571429
"ko:K06685",1053.9
"ko:K06687",2470.59375
"ko:K06688",399.352941176471
"ko:K06689",736.78125
"ko:K06691",478.090909090909
"ko:K06693",717.115384615385
"ko:K06694",417.833333333333
"ko:K06695",331.888888888889
"ko:K06699",2610.8085106383
"ko:K06867",1811.10954063604
"ko:K06874",1267.31578947368
"ko:K06875",375.181818181818
"ko:K06877",1469.32352941176
"ko:K06883",791.568181818182
"ko:K06889",530.921052631579
"ko:K06890",1386.07317073171
"ko:K06902",1137.33333333333
"ko:K06910",734.625
"ko:K06911",866.487804878049
"ko:K06927",1083.4875
"ko:K06942",1035.51219512195
"ko:K06942,ko:K19788",1088.9347826087
"ko:K06943",1395.38709677419
"ko:K06944",843.814285714286
"ko:K06947",1139.95
"ko:K06961",991.736842105263
"ko:K06963",979.2
"ko:K06965",1113.64285714286
"ko:K06970,ko:K11393",234
"ko:K06972",1370.36283185841
"ko:K06990",745.085106382979
"ko:K06997",774.076923076923
"ko:K07019",1129.87951807229
"ko:K07023",634.583333333333
"ko:K07025",713.086956521739
"ko:K07025,ko:K18551",824.625
"ko:K07034",906.697674418605
"ko:K07055",989.489361702128
"ko:K07059",516.155172413793
"ko:K07059,ko:K08770",620.926829268293
"ko:K07078",864.629032258065
"ko:K07088",1454.95945945946
"ko:K07095,ko:K18467",643.102040816327
"ko:K07101",1190.45454545455
"ko:K07101,ko:K19836",619.132075471698
"ko:K07117",1516.93220338983
"ko:K07117,ko:K11426",1037.95454545455
"ko:K07117,ko:K15442",767.207547169811
"ko:K07119",895.5
"ko:K07126",1745.45714285714
"ko:K07127",529.173913043478
"ko:K07151",1357.70833333333
"ko:K07152",955.461538461538
"ko:K07178",881.949152542373
"ko:K07179",1066.85454545455
"ko:K07195",1574.17021276596
"ko:K07199",1261.54838709677
"ko:K07200",999.09375
"ko:K07203",2798.77397260274
"ko:K07204",2061.36956521739
"ko:K07208",774.409090909091
"ko:K07213",323.217391304348
"ko:K07232",537.6
"ko:K07238",1289.3023255814
"ko:K07243",1586.17346938776
"ko:K07252",477.06976744186
"ko:K07277",1072.64150943396
"ko:K07297",1204.84090909091
"ko:K07300",1532.54237288136
"ko:K07304",629.307692307692
"ko:K07305",530.25
"ko:K07342",339.782608695652
"ko:K07374",1445.16176470588
"ko:K07375",1431.12244897959
"ko:K07390",560.590909090909
"ko:K07393",1192.77272727273
"ko:K07393,ko:K14307",1066.64285714286
"ko:K07401",396.923076923077
"ko:K07407",705
"ko:K07432",565.2
"ko:K07441",541.692307692308
"ko:K07442",798.735849056604
"ko:K07466",1162.13636363636
"ko:K07478",825.407407407407
"ko:K07478,ko:K14400",1368.72151898734
"ko:K07497",1677.53571428571
"ko:K07512",873.785714285714
"ko:K07513",934.609756097561
"ko:K07541",860.25
"ko:K07542",893.01724137931
"ko:K07555",805.066666666667
"ko:K07556",625.14
"ko:K07560",508.390243902439
"ko:K07561",909.381818181818
"ko:K07562",1228.4347826087
"ko:K07565",344.888888888889
"ko:K07566",951.625
"ko:K07573",730.695652173913
"ko:K07575",606
"ko:K07734",639.333333333333
"ko:K07739",1218.48214285714
"ko:K07748",1026.55813953488
"ko:K07750",1168.75
"ko:K07756",2079.75
"ko:K07766",463.5
"ko:K07827",1008.69230769231
"ko:K07870",1433.52173913043
"ko:K07874",1549.86363636364
"ko:K07889",204
"ko:K07889,ko:K07976",557.464285714286
"ko:K07889,ko:K17785",789.162162162162
"ko:K07893",705
"ko:K07897",631.459459459459
"ko:K07901,ko:K18158",682.840909090909
"ko:K07904,ko:K07905",806.086956521739
"ko:K07936",701.41935483871
"ko:K07937,ko:K07977",1093.55263157895
"ko:K07941",605
"ko:K07942",606.136363636364
"ko:K07943",495.5
"ko:K07952",497.357142857143
"ko:K07953",583.34693877551
"ko:K07955",1032.75
"ko:K07973",233.7
"ko:K07975",707.295652173913
"ko:K07976",614.181818181818
"ko:K08012,ko:K11237,ko:K18633",267
"ko:K08052",3231
"ko:K08054",958.548387096774
"ko:K08064",647.903225806452
"ko:K08065",396
"ko:K08066",723.51724137931
"ko:K08073,ko:K08075",383.818181818182
"ko:K08098",610.875
"ko:K08139",2081.65384615385
"ko:K08141",1348.44943820225
"ko:K08150",1656.38235294118
"ko:K08157",1798.10714285714
"ko:K08158",1169.45454545455
"ko:K08165",1345.625
"ko:K08176",1263.6
"ko:K08178",1400.74137931034
"ko:K08192",1646.50434782609
"ko:K08197",2635.35714285714
"ko:K08257",1384.17857142857
"ko:K08266",734.775
"ko:K08267",1752.50495049505
"ko:K08269",1731.66176470588
"ko:K08272",776.314285714286
"ko:K08284",1063.2
"ko:K08286",2200.24962406015
"ko:K08286,ko:K08853",2091.86956521739
"ko:K08286,ko:K14864",1336.42857142857
"ko:K08286,ko:K19800",1989.57534246575
"ko:K08286,ko:K19833",2039.82352941176
"ko:K08287",2105.79661016949
"ko:K08288",1223.48076923077
"ko:K08293",778.758620689655
"ko:K08294",1092.80357142857
"ko:K08329",703.241379310345
"ko:K08330",2166.14754098361
"ko:K08331",2110.55172413793
"ko:K08332",1521
"ko:K08333",1959
"ko:K08334",879.540983606557
"ko:K08335",782.75
"ko:K08336",386.470588235294
"ko:K08338",315.857142857143
"ko:K08339",861.75
"ko:K08340",403.3125
"ko:K08341",690.5
"ko:K08342",1099.23913043478
"ko:K08343",740.307692307692
"ko:K08486",1083.25531914894
"ko:K08489",759.075
"ko:K08490",1143.88636363636
"ko:K08492",925.645161290323
"ko:K08493",711.090909090909
"ko:K08495",479.444444444444
"ko:K08496",538.764705882353
"ko:K08497",684.081081081081
"ko:K08498,ko:K08499",695.129032258065
"ko:K08501",842.045454545455
"ko:K08502",854.931818181818
"ko:K08504",418.551724137931
"ko:K08505",256.928571428571
"ko:K08507",635.875
"ko:K08513",518.707317073171
"ko:K08516",784.034482758621
"ko:K08517",745.181818181818
"ko:K08518",2139.1935483871
"ko:K08564",773.892857142857
"ko:K08576",1684.57142857143
"ko:K08592",1149.76363636364
"ko:K08596",1454.39130434783
"ko:K08658",602.205882352941
"ko:K08675",2279.56578947368
"ko:K08681",401.68085106383
"ko:K08711,ko:K08712",3284.78461538462
"ko:K08712",3281.51020408163
"ko:K08734",1112.38554216867
"ko:K08735,ko:K19476",1616.34146341463
"ko:K08736",1703.42857142857
"ko:K08737",1689.73529411765
"ko:K08738",547.454545454545
"ko:K08739",1338.046875
"ko:K08740",719.911764705882
"ko:K08741",727.666666666667
"ko:K08744",543.315789473684
"ko:K08762",399.827586206897
"ko:K08770",1275.94736842105
"ko:K08773,ko:K19840",1800.81428571429
"ko:K08783",1142.21052631579
"ko:K08787",1826.16176470588
"ko:K08794",1132.84615384615
"ko:K08832",1840.11940298507
"ko:K08850",661.59375
"ko:K08851",644.04
"ko:K08852",1497.49541284404
"ko:K08856",1145.1875
"ko:K08866",1373.95652173913
"ko:K08869",1540.96153846154
"ko:K08870",749.2
"ko:K08874",2382.67741935484
"ko:K08876",3374.73214285714
"ko:K08900",1137.23076923077
"ko:K08955",1607.81538461538
"ko:K08956",1903.93150684932
"ko:K08963",1022.37931034483
"ko:K08964",725.28
"ko:K08967",687.315789473684
"ko:K08968",495.09375
"ko:K08991",948.196721311475
"ko:K08994",1124.875
"ko:K09022",410.785714285714
"ko:K09043",1177.50993377483
"ko:K09051",2323.640625
"ko:K09074",1027.45945945946
"ko:K09102",761.322580645161
"ko:K09117",543.142857142857
"ko:K09140",965.363636363636
"ko:K09142",853.02
"ko:K09174,ko:K09175",1825.45945945946
"ko:K09184",1378.32236842105
"ko:K09186,ko:K10592",538.714285714286
"ko:K09191",886.418181818182
"ko:K09202,ko:K09238",1411.8
"ko:K09235",1436.78048780488
"ko:K09238",1586.04
"ko:K09240",2084.39361702128
"ko:K09241",1527.08333333333
"ko:K09242",1481.46666666667
"ko:K09243,ko:K21547",1450.16666666667
"ko:K09245",1336.45945945946
"ko:K09246",1577.75806451613
"ko:K09247",2396.86813186813
"ko:K09248",1505.86206896552
"ko:K09249",1726
"ko:K09250",589
"ko:K09252,ko:K11768",1291
"ko:K09265",607.5
"ko:K09265,ko:K19807",1686.78082191781
"ko:K09272",1230.8
"ko:K09274,ko:K22496",1134.703125
"ko:K09281",1776.40909090909
"ko:K09291",2782.9696969697
"ko:K09313",1559
"ko:K09358",665.842105263158
"ko:K09359",658.588235294118
"ko:K09384",1211.8125
"ko:K09397,ko:K09403,ko:K09413",99
"ko:K09413",1518.54545454545
"ko:K09419",1696.95918367347
"ko:K09420,ko:K09423,ko:K21769",2241.95238095238
"ko:K09424",2286.48387096774
"ko:K09425",1115.2
"ko:K09425,ko:K21769",883.5
"ko:K09426",1512.875
"ko:K09448",716.666666666667
"ko:K09458",993.352941176471
"ko:K09458,ko:K17662",621.533333333333
"ko:K09464",994.833333333333
"ko:K09466",1938.47727272727
"ko:K09467",997.098214285714
"ko:K09468",1888.34042553191
"ko:K09468,ko:K21545",138
"ko:K09481",305.571428571429
"ko:K09485,ko:K09489",1668.2
"ko:K09486",1419.63157894737
"ko:K09490",1812.39130434783
"ko:K09493",1467.58064516129
"ko:K09494",1781.51020408163
"ko:K09495",1177.8679245283
"ko:K09496",959.727272727273
"ko:K09497",1313.71153846154
"ko:K09498",1295.47058823529
"ko:K09499",1346.28
"ko:K09500",1504.5
"ko:K09503",1114.25806451613
"ko:K09506",1001.26829268293
"ko:K09510",1328.80327868852
"ko:K09518",915.545454545455
"ko:K09523",1246.65306122449
"ko:K09529",729
"ko:K09539",425.0625
"ko:K09540",1281.890625
"ko:K09548",259.6875
"ko:K09549",313.571428571429
"ko:K09550",615.272727272727
"ko:K09553",1401.63636363636
"ko:K09554",1317.3
"ko:K09568",608.225806451613
"ko:K09569,ko:K09577",506
"ko:K09578",442.885714285714
"ko:K09580",1849
"ko:K09584",841.5
"ko:K09595",1206
"ko:K09613",688.6875
"ko:K09647",446.166666666667
"ko:K09648",383.545454545455
"ko:K09650",800
"ko:K09658",218.842105263158
"ko:K09680",690.782608695652
"ko:K09702",590.1
"ko:K09704",1624.17391304348
"ko:K09705",499.772727272727
"ko:K09780",374.052631578947
"ko:K09827",737.025
"ko:K09829",639.868421052632
"ko:K09831",2061.21126760563
"ko:K09880",678
"ko:K09885",1980.9387755102
"ko:K10080",1227.78260869565
"ko:K10088",970.945945945946
"ko:K10089",1024.5
"ko:K10245,ko:K10246",919.011627906977
"ko:K10251",1040.94339622642
"ko:K10253",571.5
"ko:K10256",1186.0243902439
"ko:K10258",797
"ko:K10259",1452.375
"ko:K10273",2791.04651162791
"ko:K10276",1068.66666666667
"ko:K10277,ko:K17970",1705.23287671233
"ko:K10295",716.325
"ko:K10352",2042.25
"ko:K10356",2811.3488372093
"ko:K10357",3416.47183098592
"ko:K10364",1167.21428571429
"ko:K10365",765.130434782609
"ko:K10389",1016.34146341463
"ko:K10392",544.8
"ko:K10396",1283.0625
"ko:K10398",1449.09
"ko:K10401",1457.95945945946
"ko:K10405",162
"ko:K10405,ko:K17945",1469.86153846154
"ko:K10413",3107.71428571429
"ko:K10415",1431.68571428571
"ko:K10418",573.357142857143
"ko:K10426",1085.71428571429
"ko:K10427",595.894736842105
"ko:K10436",702.25
"ko:K10524",818.826923076923
"ko:K10570",1270.9
"ko:K10573,ko:K10574",692.71875
"ko:K10576",1092.86440677966
"ko:K10577",435.818181818182
"ko:K10579",464.142857142857
"ko:K10580",768.702127659574
"ko:K10589",1651.27868852459
"ko:K10590",2344.04347826087
"ko:K10591",2099.74390243902
"ko:K10592",3141.91791044776
"ko:K10597",2048.8275862069
"ko:K10599",1628.57142857143
"ko:K10601",969.666666666667
"ko:K10609",1610.31818181818
"ko:K10625",2720.91329479769
"ko:K10627",850.034482758621
"ko:K10643",1462.32
"ko:K10661",2258.44117647059
"ko:K10669",518.470588235294
"ko:K10684",676.609756097561
"ko:K10685",1452.05454545455
"ko:K10686",705.483870967742
"ko:K10689",538.714285714286
"ko:K10696",1612.26
"ko:K10703",617.714285714286
"ko:K10704",527.318181818182
"ko:K10706",2049.88489208633
"ko:K10729",1131.77419354839
"ko:K10731",1233.89361702128
"ko:K10732",473.938775510204
"ko:K10733",482.890909090909
"ko:K10734",425.307692307692
"ko:K10735",741.954545454545
"ko:K10736",1121.61290322581
"ko:K10738,ko:K12817,ko:K20792",204
"ko:K10739",843.5625
"ko:K10742",2219
"ko:K10743",581.655737704918
"ko:K10746",830.304347826087
"ko:K10747",1253.9010989011
"ko:K10750",1017.65625
"ko:K10751",840.122448979592
"ko:K10752",767.864864864865
"ko:K10753",1018.82142857143
"ko:K10754",1349.92207792208
"ko:K10755",745.875
"ko:K10756",664.934579439252
"ko:K10761",556.5
"ko:K10771",946.14
"ko:K10772",1153.43835616438
"ko:K10773",850.888888888889
"ko:K10777",1917.79245283019
"ko:K10777,ko:K12827",1199.26530612245
"ko:K10802",1488
"ko:K10802,ko:K11296,ko:K11830",477
"ko:K10807",1832.31818181818
"ko:K10808",1716.04761904762
"ko:K10838",1676.92405063291
"ko:K10839",1513.2
"ko:K10841",2032.27659574468
"ko:K10842",1531.17073170732
"ko:K10843",1872.36144578313
"ko:K10844",1452.52173913043
"ko:K10845",273.333333333333
"ko:K10846",2457.43421052632
"ko:K10847",1549.2
"ko:K10848",1606.68539325843
"ko:K10849",468
"ko:K10858",1452.25301204819
"ko:K10862",1173.70212765957
"ko:K10863",326.475
"ko:K10865",1232.1
"ko:K10866",1318.10204081633
"ko:K10868",2236.38461538462
"ko:K10872,ko:K14545",465.891891891892
"ko:K10873",1027.09090909091
"ko:K10875",1274.6814159292
"ko:K10875,ko:K15305",1418.50588235294
"ko:K10877",1145.87755102041
"ko:K10878",701
"ko:K10880,ko:K10958",1295.31428571429
"ko:K10881",327.115384615385
"ko:K10882",1435.9156626506
"ko:K10884",977.76
"ko:K10885",1273.31707317073
"ko:K10901",1721.1935483871
"ko:K10908",2301.77064220184
"ko:K10949",461.225806451613
"ko:K10956",1638.14457831325
"ko:K10957",1216.17073170732
"ko:K10959",657.9
"ko:K10967",1243.11049723757
"ko:K10968",3052.53846153846
"ko:K10969",1326.05555555556
"ko:K10982",902.228571428571
"ko:K10983",1095.92307692308
"ko:K10991",220.090909090909
"ko:K10997",1826.86567164179
"ko:K10998",651.954545454545
"ko:K11002",190.2
"ko:K11086,ko:K22138",537.583333333333
"ko:K11087",346.95652173913
"ko:K11088",373.666666666667
"ko:K11090",940.2
"ko:K11092",563.192307692308
"ko:K11093",877.444444444444
"ko:K11095",521.48275862069
"ko:K11096",369.260869565217
"ko:K11097",225.375
"ko:K11098",340.384615384615
"ko:K11099",241.333333333333
"ko:K11108",818.581395348837
"ko:K11115",2626.375
"ko:K11117",1029.20454545455
"ko:K11118",2921.66037735849
"ko:K11120",1235.30769230769
"ko:K11121",1160.97196261682
"ko:K11121,ko:K11412",898.961538461538
"ko:K11121,ko:K20247",1038.84
"ko:K11122",1882.6875
"ko:K11123",3036.47368421053
"ko:K11126",1447.22033898305
"ko:K11128",636.652173913043
"ko:K11129",584.888888888889
"ko:K11130",317.4
"ko:K11131",1428.85135135135
"ko:K11132",1877.45454545455
"ko:K11133",316.333333333333
"ko:K11134,ko:K17922",1333.4693877551
"ko:K11135,ko:K14457",674.25
"ko:K11137",1320.0652173913
"ko:K11153",853.702702702703
"ko:K11173,ko:K13954",1270.18421052632
"ko:K11187",876.06
"ko:K11187,ko:K14171",728.869565217391
"ko:K11204",1743.57894736842
"ko:K11213",866.15625
"ko:K11215",1252.1186440678
"ko:K11226",1010.53448275862
"ko:K11227",1287.82978723404
"ko:K11228",1434.98571428571
"ko:K11229",1636.8932038835
"ko:K11230",1888.12244897959
"ko:K11231,ko:K19691",2387.66037735849
"ko:K11232",508.258064516129
"ko:K11233",1039.5625
"ko:K11234",298.636363636364
"ko:K11235",104.5
"ko:K11236",1178.2125
"ko:K11237",1401.13333333333
"ko:K11239",1488.375
"ko:K11240,ko:K19812",880
"ko:K11241",1481.85714285714
"ko:K11243",1243.26315789474
"ko:K11244",1390.54901960784
"ko:K11245",1108.0243902439
"ko:K11246",826.630434782609
"ko:K11251",558.5
"ko:K11252",521.262295081967
"ko:K11253",1084.25925925926
"ko:K11253,ko:K11495",598
"ko:K11254",1248.12
"ko:K11262",5473.31137724551
"ko:K11267",2340.83076923077
"ko:K11268",666.6
"ko:K11269",1251.95
"ko:K11270",348
"ko:K11271",910.741935483871
"ko:K11272",2662.85106382979
"ko:K11273",1030.54285714286
"ko:K11274",1614.52173913043
"ko:K11275",776.634146341463
"ko:K11279",1521.45762711864
"ko:K11292",2339.58333333333
"ko:K11293",1495.54109589041
"ko:K11294",1151.76923076923
"ko:K11296",594
"ko:K11303",683.434782608696
"ko:K11304",885.397058823529
"ko:K11304,ko:K11307,ko:K11401",599.106382978723
"ko:K11306,ko:K11378",1567.30434782609
"ko:K11309",750.981818181818
"ko:K11313,ko:K19476",918.292682926829
"ko:K11314",915.190476190476
"ko:K11315",1661.38095238095
"ko:K11319",938.727272727273
"ko:K11319,ko:K11396",706.885714285714
"ko:K11322",1314.82978723404
"ko:K11324",856.333333333333
"ko:K11338",1254.4
"ko:K11339",1008.92307692308
"ko:K11340,ko:K11400,ko:K11652",1013.26666666667
"ko:K11341",448.375
"ko:K11344",713.0625
"ko:K11359",1880.47368421053
"ko:K11360",1843.2676056338
"ko:K11361",1231.36956521739
"ko:K11362",802.038461538462
"ko:K11363",222
"ko:K11364",602.553191489362
"ko:K11365",1493
"ko:K11366",699.046153846154
"ko:K11367",2407.43697478992
"ko:K11368",376.5
"ko:K11369",1701.55813953488
"ko:K11370",1241.0487804878
"ko:K11371",467
"ko:K11372",1272.1875
"ko:K11373",2118.95327102804
"ko:K11374,ko:K18178",1714.11428571429
"ko:K11375",1209.51428571429
"ko:K11376",595.875
"ko:K11377",493
"ko:K11379,ko:K19197,ko:K19198",430.090909090909
"ko:K11380",1927.10526315789
"ko:K11397",1856.10526315789
"ko:K11398",905.086956521739
"ko:K11399",1242.45
"ko:K11400,ko:K11767",1398.96
"ko:K11402",975.891891891892
"ko:K11404,ko:K11483",708.128571428571
"ko:K11407",1072.41428571429
"ko:K11415",605.71875
"ko:K11422",2089.83582089552
"ko:K11423",1445.26829268293
"ko:K11427",901.44
"ko:K11434",707.93023255814
"ko:K11436,ko:K20361",2555.19230769231
"ko:K11446",1967.07352941176
"ko:K11482",759.886363636364
"ko:K11484",1586.9552238806
"ko:K11493",857.742857142857
"ko:K11497",1189.89473684211
"ko:K11498",1225.88888888889
"ko:K11501",1257.58536585366
"ko:K11518",1817.57142857143
"ko:K11547",1398.52173913043
"ko:K11548",837.947368421053
"ko:K11551",911.909090909091
"ko:K11552",844.540540540541
"ko:K11553",240.705882352941
"ko:K11554",504.333333333333
"ko:K11555",927.521739130435
"ko:K11556",890.461538461538
"ko:K11557",452.842105263158
"ko:K11558",577.875
"ko:K11559",476.464285714286
"ko:K11560",1967.21428571429
"ko:K11561",564.6
"ko:K11562",471.8
"ko:K11563",1895.16666666667
"ko:K11566",885
"ko:K11567",318.428571428571
"ko:K11568",276.333333333333
"ko:K11569",267.75
"ko:K11570",505.05
"ko:K11571",253.5
"ko:K11572",489.5
"ko:K11573",706.714285714286
"ko:K11574",1605.66666666667
"ko:K11575",1062.54545454545
"ko:K11576",834.394736842105
"ko:K11578",2005.5
"ko:K11582",1153.29545454545
"ko:K11584",1694.61904761905
"ko:K11593",2740
"ko:K11593,ko:K12598",2020.875
"ko:K11594",1887.68041237113
"ko:K11594,ko:K11675",1928.8125
"ko:K11599",584.035714285714
"ko:K11600",633.5
"ko:K11644",2998.98214285714
"ko:K11648",1938.76
"ko:K11649,ko:K11772",1967.75
"ko:K11654",2013.2864321608
"ko:K11662",709.25
"ko:K11663",534.617647058824
"ko:K11664",1138.81132075472
"ko:K11665,ko:K19307",2224.51401869159
"ko:K11667",519.9
"ko:K11672",1218.84615384615
"ko:K11673",1918.60273972603
"ko:K11676",539.04
"ko:K11677",872
"ko:K11678",348
"ko:K11679",304
"ko:K11680",673.2
"ko:K11681",2167.35398230089
"ko:K11682",1236.22222222222
"ko:K11683",258.692307692308
"ko:K11684",1725.1875
"ko:K11713",711.130434782609
"ko:K11718",1803.17045454545
"ko:K11723,ko:K12862",748.973684210526
"ko:K11756",1725.24657534247
"ko:K11757,ko:K11759",1251.67924528302
"ko:K11758",1543.69230769231
"ko:K11761",1408.4347826087
"ko:K11762",1613.1875
"ko:K11763",1237.73333333333
"ko:K11764",348
"ko:K11766",1275.42857142857
"ko:K11769",264
"ko:K11770",808
"ko:K11771",2431.4375
"ko:K11773",869.117647058824
"ko:K11774",474.206896551724
"ko:K11776",1211.91176470588
"ko:K11778",568.474576271186
"ko:K11786",2985.01507537688
"ko:K11788",2182.98305084746
"ko:K11788,ko:K15201",1301.14285714286
"ko:K11805",1298.22
"ko:K11806",1203.48979591837
"ko:K11808",1633.75471698113
"ko:K11824",1908.22222222222
"ko:K11825",1488.76470588235
"ko:K11826",1245.17142857143
"ko:K11827",363.954545454545
"ko:K11830",2969
"ko:K11835",2452.32
"ko:K11836",1331.61176470588
"ko:K11838",1801.43617021277
"ko:K11839",1758.52747252747
"ko:K11841",2044.77777777778
"ko:K11842,ko:K11872",1493.75
"ko:K11843",1145.26530612245
"ko:K11849",2216.72
"ko:K11870",2213.01369863014
"ko:K11871",2389.55
"ko:K11873",1953.22727272727
"ko:K11874",1762.70689655172
"ko:K11876,ko:K11880",537.115384615385
"ko:K11879",973.05
"ko:K11881",361.2
"ko:K11882",393.230769230769
"ko:K11883",1514.73529411765
"ko:K11884",902.357142857143
"ko:K11885",1140.80487804878
"ko:K11886",4061.12658227848
"ko:K11887",960.774193548387
"ko:K11888",800.5
"ko:K11968",963.910714285714
"ko:K11971",1240.71428571429
"ko:K11979,ko:K16261",508.9
"ko:K11984",1500.41666666667
"ko:K11996",823.779661016949
"ko:K12041",1226.63076923077
"ko:K12158",334.78125
"ko:K12160",348
"ko:K12161",563.368421052632
"ko:K12180",298.75
"ko:K12182",1726.84090909091
"ko:K12183",1124.75510204082
"ko:K12184",625.583333333333
"ko:K12187",261
"ko:K12188",508.8
"ko:K12189",540.115384615385
"ko:K12191",669.428571428571
"ko:K12193",657.685714285714
"ko:K12194",777.583333333333
"ko:K12195",555
"ko:K12196",1198.84615384615
"ko:K12196,ko:K14297,ko:K14317",300
"ko:K12197",601.5
"ko:K12198",425.714285714286
"ko:K12199",920.464285714286
"ko:K12200",1410.73469387755
"ko:K12232",1838.8125
"ko:K12236",1670.59459459459
"ko:K12260",467.903225806452
"ko:K12261",1259.37931034483
"ko:K12261,ko:K13342",1170.9
"ko:K12272",859.730769230769
"ko:K12273",671.444444444444
"ko:K12274",742.764705882353
"ko:K12275",857.029411764706
"ko:K12345",491.382352941176
"ko:K12346",1224.68852459016
"ko:K12351",1251.92307692308
"ko:K12385",2502.41379310345
"ko:K12386",494.615384615385
"ko:K12389",839.68085106383
"ko:K12391",2019.47142857143
"ko:K12393",1185.16981132075
"ko:K12394",867.737704918033
"ko:K12396",1882.14285714286
"ko:K12397",1528.5671641791
"ko:K12398",1161.63636363636
"ko:K12399",759.916666666667
"ko:K12404",1754.56451612903
"ko:K12411",876.6
"ko:K12412",1089.06666666667
"ko:K12413",1103.3
"ko:K12414",1354.09090909091
"ko:K12416",326.032258064516
"ko:K12462",632.41935483871
"ko:K12471",1548.21582733813
"ko:K12472",3142.15714285714
"ko:K12479,ko:K20367",1400.19230769231
"ko:K12481",1236.39130434783
"ko:K12486",1006.98648648649
"ko:K12488",1765.5
"ko:K12492",1079.53846153846
"ko:K12493",1738.04347826087
"ko:K12562",1197.65217391304
"ko:K12571",2139.17647058824
"ko:K12572",1439.66666666667
"ko:K12575",1206.57692307692
"ko:K12576",335.5
"ko:K12577",1219.74193548387
"ko:K12578",2567.72727272727
"ko:K12580",1492.75247524752
"ko:K12581",1123.92307692308
"ko:K12584",1383.71186440678
"ko:K12585",1721.84210526316
"ko:K12586",836.934782608696
"ko:K12587",789.428571428571
"ko:K12589",507.970588235294
"ko:K12590",538.272727272727
"ko:K12591",1604.08474576271
"ko:K12592",662.25
"ko:K12594",414.272727272727
"ko:K12595,ko:K14416",1785.42
"ko:K12597",1081.55769230769
"ko:K12599",1922.15384615385
"ko:K12600",2174.7247706422
"ko:K12601,ko:K12602",997.055555555556
"ko:K12603",2570.015625
"ko:K12604",3413.63709677419
"ko:K12605",589.363636363636
"ko:K12606",938.533333333333
"ko:K12608",864.230769230769
"ko:K12609",1972.80681818182
"ko:K12612",673.034482758621
"ko:K12613,ko:K22073",1848.38181818182
"ko:K12614",1532.77397260274
"ko:K12615",1542.7
"ko:K12617",1831.33333333333
"ko:K12618",3025.80582524272
"ko:K12619",2237.19402985075
"ko:K12620",510.909090909091
"ko:K12621",361
"ko:K12622",338.727272727273
"ko:K12623",562.5
"ko:K12624",227.769230769231
"ko:K12625",354.875
"ko:K12626",674.04
"ko:K12627",210.9
"ko:K12659",2410.84
"ko:K12662",974.777777777778
"ko:K12666",974.019230769231
"ko:K12667",878
"ko:K12668",301.05
"ko:K12669",788.647058823529
"ko:K12670",1448.2
"ko:K12691",272.4
"ko:K12732",1153.39024390244
"ko:K12735",749.25
"ko:K12761",2301.61016949153
"ko:K12762",1937.71428571429
"ko:K12763",1756.35616438356
"ko:K12764",237
"ko:K12765",1179.25862068966
"ko:K12767",2820.96226415094
"ko:K12768",2125.2
"ko:K12769",784.842105263158
"ko:K12770",1085.15384615385
"ko:K12771",1004.5625
"ko:K12772",972.387096774194
"ko:K12773",539.172413793103
"ko:K12774",207
"ko:K12775",496.153846153846
"ko:K12777",1450.40816326531
"ko:K12778",1045.62162162162
"ko:K12779",2316
"ko:K12780",1252.21621621622
"ko:K12781",584.25
"ko:K12782",703.428571428571
"ko:K12783",765.677419354839
"ko:K12795",973.454545454545
"ko:K12811",2360.2962962963
"ko:K12812",1327.38095238095
"ko:K12813,ko:K12814",1691.025
"ko:K12815",1744.90909090909
"ko:K12816",968.823529411765
"ko:K12817",476.375
"ko:K12818",1844.71621621622
"ko:K12818,ko:K14781,ko:K17820",1268.32584269663
"ko:K12819",956.181818181818
"ko:K12820",1763.91666666667
"ko:K12821",1354
"ko:K12823",1776.84905660377
"ko:K12825",956.189189189189
"ko:K12826",560.108108108108
"ko:K12828",1544.33333333333
"ko:K12829",1051.82142857143
"ko:K12830",2707.26315789474
"ko:K12831",433.2
"ko:K12832",246.9375
"ko:K12834",297.9375
"ko:K12836",642
"ko:K12837",1241.8064516129
"ko:K12843",1227
"ko:K12844",911.217391304348
"ko:K12845",474.807692307692
"ko:K12847",1125.55263157895
"ko:K12848",381.6
"ko:K12851",463.142857142857
"ko:K12852,ko:K12853",1385.82692307692
"ko:K12854",2162.89380530973
"ko:K12855",2183.765625
"ko:K12856",2166.76433121019
"ko:K12857",395.769230769231
"ko:K12858",1563.97826086957
"ko:K12859",314.333333333333
"ko:K12860",1670.89090909091
"ko:K12863",408.818181818182
"ko:K12864",3612.44444444444
"ko:K12867",1693.5
"ko:K12868",552.214285714286
"ko:K12869",1569.20338983051
"ko:K12870",695.470588235294
"ko:K12872",1126.56
"ko:K12873",439.935483870968
"ko:K12879",2547.28378378378
"ko:K12880",1077.9375
"ko:K12881",1459.54545454545
"ko:K12882",1875.85135135135
"ko:K12883",563.921052631579
"ko:K12893,ko:K14651",1769.75409836066
"ko:K12946",272.666666666667
"ko:K12946,ko:K19355",264
"ko:K12947",543.3
"ko:K12948",522.321428571429
"ko:K13025",740.830985915493
"ko:K13026",1528.6062992126
"ko:K13076",2138.88461538462
"ko:K13093",891.15
"ko:K13095",1626.66141732283
"ko:K13099",741.727272727273
"ko:K13100",1528.55
"ko:K13102",519.25
"ko:K13103",1229.02040816327
"ko:K13106",365.64
"ko:K13107",374.4375
"ko:K13108",507.4
"ko:K13110",764.086956521739
"ko:K13113",261
"ko:K13126",2128.52542372881
"ko:K13127,ko:K20793",374.52
"ko:K13130",953.806451612903
"ko:K13172",306
"ko:K13179",1043.34545454545
"ko:K13181",1427.5
"ko:K13199",900.677419354839
"ko:K13201",1507.02857142857
"ko:K13205",704.25
"ko:K13217",1038.70434782609
"ko:K13237",429.714285714286
"ko:K13239",860.513513513514
"ko:K13280",519
"ko:K13288",847.235294117647
"ko:K13289",1942.83783783784
"ko:K13303",1470.67605633803
"ko:K13333",1849.41290322581
"ko:K13336",1266.78260869565
"ko:K13337",810.777777777778
"ko:K13338",1261.54838709677
"ko:K13339",1798.84615384615
"ko:K13341",794.382352941176
"ko:K13343",797.586206896552
"ko:K13344",1353.75
"ko:K13346",594
"ko:K13348",587.314285714286
"ko:K13348,ko:K13349",806.108108108108
"ko:K13352",973.32
"ko:K13354",655.3125
"ko:K13357",843.125
"ko:K13367",1133.72
"ko:K13431,ko:K21989",1469.27027027027
"ko:K13507",2098.775
"ko:K13509",989.1875
"ko:K13511",906.941176470588
"ko:K13519",1673.2
"ko:K13524",1276.16326530612
"ko:K13525",2068.82474226804
"ko:K13535",1183.51685393258
"ko:K13535,ko:K13699",1112.375
"ko:K13566",872.485714285714
"ko:K13577",1450.63636363636
"ko:K13617",694.90243902439
"ko:K13621",721.8
"ko:K13682",1035.2
"ko:K13711",1105.57894736842
"ko:K13719",792.652173913043
"ko:K13754",1439.8623853211
"ko:K13800",853.636363636364
"ko:K13830",3166.97222222222
"ko:K13886",1808.45901639344
"ko:K13939,ko:K13941",1249.875
"ko:K13950",1713.25352112676
"ko:K13953",1229.89156626506
"ko:K13984,ko:K13996",2788.453125
"ko:K13985",1004.8125
"ko:K13989",822.566037735849
"ko:K13993",900.75
"ko:K13996",135
"ko:K14001",847.5
"ko:K14002",966
"ko:K14003",2080.61538461538
"ko:K14004",464.272727272727
"ko:K14005",2829.875
"ko:K14006",1690.23853211009
"ko:K14007",1999.48214285714
"ko:K14009,ko:K20405",628.375
"ko:K14012",1205.27586206897
"ko:K14013",1890.52631578947
"ko:K14015",943.523076923077
"ko:K14016",969.857142857143
"ko:K14017",528
"ko:K14018",1316.22580645161
"ko:K14022",648.6
"ko:K14023,ko:K14026",1676.18181818182
"ko:K14024",2799.62068965517
"ko:K14050",786.063829787234
"ko:K14137,ko:K14684",910.4375
"ko:K14152",2316.82258064516
"ko:K14154",1110.85714285714
"ko:K14168",1330.13513513514
"ko:K14169",765.105263157895
"ko:K14191",836.936170212766
"ko:K14209",1853.2
"ko:K14213",1402.4347826087
"ko:K14262",1385.37
"ko:K14263",454.772727272727
"ko:K14264",1346.34
"ko:K14284",1384.96153846154
"ko:K14288",1276.00909090909
"ko:K14289",1851.62727272727
"ko:K14290",2391.51219512195
"ko:K14292",727.866666666667
"ko:K14293",2200.15714285714
"ko:K14297",1898.1
"ko:K14297,ko:K18720",2915.86666666667
"ko:K14298",995.55
"ko:K14299",975
"ko:K14300",2609.37735849057
"ko:K14301",1297.34482758621
"ko:K14303",2219.775
"ko:K14304",1449.42857142857
"ko:K14306",1747.2380952381
"ko:K14308",1441.25
"ko:K14309",1844.26086956522
"ko:K14310",1998.12096774194
"ko:K14311",2867
"ko:K14312",2621.22047244094
"ko:K14313,ko:K18717",1287.95454545455
"ko:K14315",1141.88235294118
"ko:K14319",984.652173913043
"ko:K14326",2309.26271186441
"ko:K14327",3024.9375
"ko:K14328",944.25
"ko:K14376",1449.48214285714
"ko:K14394",494.318181818182
"ko:K14396",482.090909090909
"ko:K14399",850.446428571429
"ko:K14401",2420.203125
"ko:K14402",1395.51136363636
"ko:K14403",1433.36470588235
"ko:K14404",1251.30379746835
"ko:K14405",593.478260869565
"ko:K14407",1050.6
"ko:K14408",1560.0612244898
"ko:K14411",1238.22413793103
"ko:K14416",3701.42857142857
"ko:K14429",1575.83333333333
"ko:K14430",2643.15
"ko:K14439",1722.70408163265
"ko:K14454",1208.66666666667
"ko:K14454,ko:K14455",1108.81818181818
"ko:K14457,ko:K14458",1233.16981132075
"ko:K14521",1852.38461538462
"ko:K14522",548.88
"ko:K14524",274.6875
"ko:K14526",346.411764705882
"ko:K14528",315.4
"ko:K14531",362.5
"ko:K14532",423.666666666667
"ko:K14533",2285.17741935484
"ko:K14536",1993.94117647059
"ko:K14537",1438.34782608696
"ko:K14538",1282.7
"ko:K14539",1823.92
"ko:K14541",3407.775
"ko:K14543",836.052631578947
"ko:K14544",1987.45161290323
"ko:K14545",941.302325581395
"ko:K14546",1269.13953488372
"ko:K14547",997.714285714286
"ko:K14548",1319.23636363636
"ko:K14549",904.343283582089
"ko:K14550",1898.54482758621
"ko:K14551",1115.17021276596
"ko:K14552",1658.16
"ko:K14553",1157.94545454545
"ko:K14554",1536.03703703704
"ko:K14555",1571.66292134831
"ko:K14556",1500.55882352941
"ko:K14557",629.15625
"ko:K14558",1244.02040816327
"ko:K14559",1243.61538461538
"ko:K14560",402.84375
"ko:K14561",719.54347826087
"ko:K14563",1561.27397260274
"ko:K14564",1841.84615384615
"ko:K14565",1264.84615384615
"ko:K14566",443.586206896552
"ko:K14567",2681.21590909091
"ko:K14568",824.4375
"ko:K14569",2211.17142857143
"ko:K14570",1291.11764705882
"ko:K14571",1677.26373626374
"ko:K14572",3341.95652173913
"ko:K14573",1528.2676056338
"ko:K14574",521.131578947368
"ko:K14575",1500.9512195122
"ko:K14635",1296.375
"ko:K14640",747.9375
"ko:K14642",1290.36206896552
"ko:K14644",1084.36363636364
"ko:K14649",1210.61538461538
"ko:K14650",813.774193548387
"ko:K14654",538
"ko:K14655,ko:K15454",1241.95384615385
"ko:K14663",902.625
"ko:K14674",1729.55
"ko:K14675",1366.5
"ko:K14676,ko:K18550",3298.78125
"ko:K14679",1203.20388349515
"ko:K14684",951.888888888889
"ko:K14686",771.950495049505
"ko:K14688",1265.42857142857
"ko:K14692",1653.24
"ko:K14708",1931.1724137931
"ko:K14709",1429.03759398496
"ko:K14713",1077.72
"ko:K14715",1010.84210526316
"ko:K14721",608.52
"ko:K14729",1763.57142857143
"ko:K14739,ko:K14740,ko:K14741",207
"ko:K14753",1149.28915662651
"ko:K14758",1291.2380952381
"ko:K14763",1146.48387096774
"ko:K14764",981.155844155844
"ko:K14765",1071.4375
"ko:K14766",1321.39726027397
"ko:K14767",1271.5652173913
"ko:K14768",1279.94444444444
"ko:K14769",580.111111111111
"ko:K14770",395.538461538462
"ko:K14771",1019.17808219178
"ko:K14772",2039.5
"ko:K14773",1316.67
"ko:K14774",1180.95180722892
"ko:K14775",658.857142857143
"ko:K14775,ko:K14783",1235.13157894737
"ko:K14776",1743.46478873239
"ko:K14777",899.057142857143
"ko:K14778",872.584615384615
"ko:K14779",1258.41818181818
"ko:K14780",1918.61111111111
"ko:K14782",1198.26315789474
"ko:K14784",757.297297297297
"ko:K14785",931.666666666667
"ko:K14786",1260.3
"ko:K14787",1772.3661971831
"ko:K14788",1147.3064516129
"ko:K14789",552.96
"ko:K14790",1181.42307692308
"ko:K14791",1452.97674418605
"ko:K14792",2729.11475409836
"ko:K14793",1019.06557377049
"ko:K14794",1886.57142857143
"ko:K14795",903.931034482759
"ko:K14796",667.04347826087
"ko:K14797",1189.67441860465
"ko:K14798",3888.87272727273
"ko:K14799",1625.92
"ko:K14800",600.36
"ko:K14801",863.916666666667
"ko:K14802",2277.72222222222
"ko:K14803",1912.41176470588
"ko:K14804",536.25
"ko:K14805",1147.80681818182
"ko:K14806",1584.71830985915
"ko:K14807",1061.27142857143
"ko:K14808",2465.27710843374
"ko:K14809",920.5
"ko:K14810",1182.4347826087
"ko:K14811",1689.24590163934
"ko:K14812,ko:K21842",1011.72580645161
"ko:K14813",1488.77419354839
"ko:K14814",401.8125
"ko:K14815",597
"ko:K14816",883.333333333333
"ko:K14817",559.333333333333
"ko:K14818",1057.90909090909
"ko:K14819",997.38
"ko:K14820",942.076923076923
"ko:K14821",467.884615384615
"ko:K14822",477.15
"ko:K14823",1408.90476190476
"ko:K14824",1578.31578947368
"ko:K14825",555.923076923077
"ko:K14826",1425.64864864865
"ko:K14827",868.214285714286
"ko:K14828",1233.875
"ko:K14829",1372.4347826087
"ko:K14830",800.473684210526
"ko:K14831",858.923076923077
"ko:K14832",2923.03846153846
"ko:K14833",1383.36363636364
"ko:K14834",1312.125
"ko:K14835",1246.78947368421
"ko:K14835,ko:K15356",155
"ko:K14836",1239.31818181818
"ko:K14837",1172.94642857143
"ko:K14838",529.764705882353
"ko:K14839",527.192307692308
"ko:K14840,ko:K18327",885.230769230769
"ko:K14841",946.676470588235
"ko:K14842",649.147058823529
"ko:K14843",1321.92857142857
"ko:K14844",1368.21428571429
"ko:K14845",852.285714285714
"ko:K14846",841.235294117647
"ko:K14847",796.536585365854
"ko:K14848",1288.81132075472
"ko:K14849",918.66
"ko:K14850",1167.46153846154
"ko:K14851",600
"ko:K14852",587.363636363636
"ko:K14853",714.857142857143
"ko:K14854",441.6
"ko:K14855",822.127659574468
"ko:K14856",1729.95454545455
"ko:K14857",1920.48148148148
"ko:K14858",453.545454545455
"ko:K14859",1250.45454545455
"ko:K14860",594.6
"ko:K14861",1803.81081081081
"ko:K14862",1576.453125
"ko:K14863",972.533333333333
"ko:K14864",878.461538461538
"ko:K14951",2069.14285714286
"ko:K14960",738.84375
"ko:K14961",698.473684210526
"ko:K14962",766.852941176471
"ko:K14963",777.346153846154
"ko:K14965,ko:K14968",320
"ko:K14967",875.4
"ko:K14969",342.2
"ko:K14997",788.803278688525
"ko:K14998",1206.20454545455
"ko:K15014",1162.58181818182
"ko:K15015",1104.66666666667
"ko:K15026",1515.57692307692
"ko:K15027",1370.78571428571
"ko:K15033",345.827586206897
"ko:K15040",1227.36
"ko:K15053",837.176470588235
"ko:K15068",1294.71428571429
"ko:K15070",1484.25
"ko:K15071",1422.57534246575
"ko:K15072",1124.3
"ko:K15073",1452.17647058824
"ko:K15075",1551.9504950495
"ko:K15077",878.181818181818
"ko:K15078",763.575
"ko:K15079",2196.5625
"ko:K15080",1467.71428571429
"ko:K15081",1139.72727272727
"ko:K15082",1183.6
"ko:K15083",1263.67605633803
"ko:K15084",758.8
"ko:K15100",762.415384615385
"ko:K15102",1262.03225806452
"ko:K15105",1516.08333333333
"ko:K15108",878.108108108108
"ko:K15109",773.504347826087
"ko:K15110",1002.8
"ko:K15111",617
"ko:K15113",1040.09090909091
"ko:K15114",635.027027027027
"ko:K15115",766.611111111111
"ko:K15116",902.875
"ko:K15117",1027.06451612903
"ko:K15118",666.673469387755
"ko:K15119",1025.08695652174
"ko:K15128",642.255319148936
"ko:K15130",565.65
"ko:K15132",419.052631578947
"ko:K15134",1331.4
"ko:K15136",762.9
"ko:K15138",782.423076923077
"ko:K15140",294.391304347826
"ko:K15145",1247
"ko:K15146",682.695652173913
"ko:K15147",1583.69491525424
"ko:K15148",587.28
"ko:K15150",403
"ko:K15151",453
"ko:K15152",331.777777777778
"ko:K15153",373.285714285714
"ko:K15154",1019.47058823529
"ko:K15155",1458.27272727273
"ko:K15156",1325.05434782609
"ko:K15158",3213.66176470588
"ko:K15160",1625.12658227848
"ko:K15161",560.941176470588
"ko:K15163",2021.63157894737
"ko:K15165",1986.36734693878
"ko:K15171",391.3125
"ko:K15172",2948.1038961039
"ko:K15174",990.666666666667
"ko:K15175",749.045454545455
"ko:K15176",2194.48101265823
"ko:K15177",1464.14634146341
"ko:K15178",1489.75
"ko:K15192",2291.21052631579
"ko:K15193",722.368421052632
"ko:K15196",1382.85
"ko:K15198",1311.0625
"ko:K15202",1279.14705882353
"ko:K15204",2073.24418604651
"ko:K15205",1417.725
"ko:K15206",1677.85714285714
"ko:K15207",1044.07142857143
"ko:K15216",1764.4347826087
"ko:K15217",1118.06666666667
"ko:K15218",1810.86486486486
"ko:K15219",1008.63461538462
"ko:K15220",861.782608695652
"ko:K15221",379.35
"ko:K15222",1160.73529411765
"ko:K15223",516.348837209302
"ko:K15223,ko:K22381",564
"ko:K15255",1047.4756097561
"ko:K15262",892.363636363636
"ko:K15263",385.615384615385
"ko:K15264",864.727272727273
"ko:K15265",488.464285714286
"ko:K15267",785.318181818182
"ko:K15271",1192.8
"ko:K15275",727.551724137931
"ko:K15278",706.468085106383
"ko:K15280",1248.05882352941
"ko:K15283",791.240963855422
"ko:K15289",942
"ko:K15292",1277.23255813953
"ko:K15296",786.80487804878
"ko:K15303",1000.125
"ko:K15304",594.870967741935
"ko:K15306",624.545454545455
"ko:K15308,ko:K18753",175
"ko:K15322",819.105263157895
"ko:K15323",679.916666666667
"ko:K15325",303
"ko:K15326",815.5
"ko:K15331",1200.98507462687
"ko:K15333",2319.9375
"ko:K15334",1442.63636363636
"ko:K15339",1670.625
"ko:K15356",1084.65306122449
"ko:K15361",2110.92857142857
"ko:K15364",524
"ko:K15371",2288.77894736842
"ko:K15414",670.75
"ko:K15423",844.854545454545
"ko:K15427,ko:K15498",787.46511627907
"ko:K15428",1573.07142857143
"ko:K15429",1060.1
"ko:K15430",1103.26315789474
"ko:K15435",696.107142857143
"ko:K15436",1860.32876712329
"ko:K15437",1066.61194029851
"ko:K15440",935.555555555556
"ko:K15441",461.454545454545
"ko:K15443",872.3125
"ko:K15444",758.53125
"ko:K15445",1299
"ko:K15446",1068.64285714286
"ko:K15447",923.353846153846
"ko:K15448",454.909090909091
"ko:K15449",2600.38235294118
"ko:K15450",708
"ko:K15451",1388.54347826087
"ko:K15453",823.090909090909
"ko:K15455",259
"ko:K15456",618
"ko:K15457",2200.8
"ko:K15457,ko:K15458",1697.07692307692
"ko:K15457,ko:K15458,ko:K15501",2404.65306122449
"ko:K15462",722.333333333333
"ko:K15463",997.096153846154
"ko:K15505",2410.57142857143
"ko:K15529",453.714285714286
"ko:K15541",1076.58139534884
"ko:K15542",912.348837209302
"ko:K15543",1354.58823529412
"ko:K15544",480.204545454545
"ko:K15559",960.8
"ko:K15560",1822.44
"ko:K15561",2791.05194805195
"ko:K15562",1510.38888888889
"ko:K15563",627.613636363636
"ko:K15565",842.28
"ko:K15620",798.139534883721
"ko:K15627",1169.15625
"ko:K15628",1381.55172413793
"ko:K15634",589.448275862069
"ko:K15710",2298.33157894737
"ko:K15728",1422.04761904762
"ko:K15731",1329.41176470588
"ko:K15732",1543.27777777778
"ko:K15859",1259.13333333333
"ko:K15901",361.571428571429
"ko:K15902",452.275862068966
"ko:K15903",316.714285714286
"ko:K15908",1734.81818181818
"ko:K15918",668.884615384615
"ko:K16055",2776.6
"ko:K16066",833.048780487805
"ko:K16073",2464.94366197183
"ko:K16075",701.525
"ko:K16185",800.659090909091
"ko:K16186",774.103448275862
"ko:K16196",1951.45652173913
"ko:K16216",1146.6
"ko:K16219",704.379310344828
"ko:K16230",930.214285714286
"ko:K16261",2236.27234042553
"ko:K16302",1530.86538461538
"ko:K16314",1125.57692307692
"ko:K16315",1371.796875
"ko:K16329,ko:K16330",2031.10714285714
"ko:K16365",751.333333333333
"ko:K16368",675.833333333333
"ko:K16369",1679.92307692308
"ko:K16466",387.878048780488
"ko:K16569",1195.03278688525
"ko:K16570",975.764705882353
"ko:K16575",933.352941176471
"ko:K16578",2126.78181818182
"ko:K16675,ko:K20030",1040.07142857143
"ko:K16732",1123.30952380952
"ko:K16733,ko:K19839",2210.74698795181
"ko:K16794",807.51724137931
"ko:K16803",1544.27777777778
"ko:K16833",842.793103448276
"ko:K16912",1063.89473684211
"ko:K16938",742.531914893617
"ko:K16944",1147.47169811321
"ko:K16945",160.5
"ko:K16945,ko:K16946",1196.1976744186
"ko:K16945,ko:K16947",377.25
"ko:K16948",988
"ko:K17053",1244.58
"ko:K17065",1806.73282442748
"ko:K17069",1997.1
"ko:K17080",1180.1875
"ko:K17081",1164.525
"ko:K17086",1364.38392857143
"ko:K17103",801.461538461538
"ko:K17255",1424.68421052632
"ko:K17260",1140.97674418605
"ko:K17261",1306.7
"ko:K17262",906.083333333333
"ko:K17267",2024.27419354839
"ko:K17268",901.555555555556
"ko:K17275",2183.26229508197
"ko:K17278",394.145454545455
"ko:K17279",719.327586206897
"ko:K17290",958.333333333333
"ko:K17292",319.285714285714
"ko:K17301",1730.92592592593
"ko:K17302",2765.20833333333
"ko:K17361",1280.6511627907
"ko:K17402",666.2
"ko:K17408",878.925
"ko:K17411",267.705882352941
"ko:K17413",1078.93548387097
"ko:K17415",587.892857142857
"ko:K17417",382
"ko:K17421",513.125
"ko:K17422",439.428571428571
"ko:K17424",487.411764705882
"ko:K17425",1067.33333333333
"ko:K17427",562.8
"ko:K17428",723
"ko:K17430",297
"ko:K17434",427.05
"ko:K17435",321.631578947368
"ko:K17437",632.428571428571
"ko:K17438",412.846153846154
"ko:K17439",840.272727272727
"ko:K17440",372.25
"ko:K17450",1572.41772151899
"ko:K17491",1292.64285714286
"ko:K17496",1412.125
"ko:K17497",845.756756756757
"ko:K17498",1081.38
"ko:K17508",1254.31034482759
"ko:K17541",1098.9
"ko:K17550",725.842105263158
"ko:K17553",451.68
"ko:K17560",1823.26923076923
"ko:K17583",1767.71875
"ko:K17600",1342.15068493151
"ko:K17605",933.333333333333
"ko:K17606",852.529411764706
"ko:K17607",1206.58823529412
"ko:K17615",756.053571428571
"ko:K17617",1034.65909090909
"ko:K17619",687.387096774194
"ko:K17623",555
"ko:K17637",2148.96226415094
"ko:K17644",562.56
"ko:K17647",1435.5
"ko:K17656",933.545454545455
"ko:K17657",846.25
"ko:K17660",1539.83333333333
"ko:K17661",1480.3
"ko:K17663",376.68
"ko:K17664",498.6
"ko:K17665",923
"ko:K17666",521.25
"ko:K17667",1708.23076923077
"ko:K17668",498.176470588235
"ko:K17669",2058.05454545455
"ko:K17670",1159.875
"ko:K17671",1473.23076923077
"ko:K17672",1348.21875
"ko:K17673",1528.13513513514
"ko:K17674",1609.875
"ko:K17675",1433.54166666667
"ko:K17676",676.875
"ko:K17677",1633.16666666667
"ko:K17678",1074.24324324324
"ko:K17679",1561.62857142857
"ko:K17686",2034.91304347826
"ko:K17714",830.55
"ko:K17715",973.826086956522
"ko:K17732",936.272727272727
"ko:K17738",1461.52173913043
"ko:K17741",1433.94339622642
"ko:K17742",1540.5974025974
"ko:K17743",1163.86666666667
"ko:K17757",1445.4
"ko:K17759",1161.35714285714
"ko:K17764",713.41935483871
"ko:K17765",750.733333333333
"ko:K17768",2406.65454545455
"ko:K17769",409.95652173913
"ko:K17770",759.272727272727
"ko:K17771",307.2
"ko:K17772",267
"ko:K17773",224.1
"ko:K17774",863.289473684211
"ko:K17775",1287.88235294118
"ko:K17777",428.454545454545
"ko:K17778,ko:K17781",355.166666666667
"ko:K17778,ko:K17793",255
"ko:K17780",264.5625
"ko:K17781",652.551724137931
"ko:K17782",761.351351351351
"ko:K17783,ko:K17891",709.090909090909
"ko:K17783,ko:K18182",867.764705882353
"ko:K17784",352.323529411765
"ko:K17785",1559.11764705882
"ko:K17786",544.333333333333
"ko:K17787",320.625
"ko:K17788",364.588235294118
"ko:K17789",868.2
"ko:K17790",595.285714285714
"ko:K17792",1283.36538461538
"ko:K17793",436.421052631579
"ko:K17794",845.793103448276
"ko:K17795",558.290322580645
"ko:K17796",574.548387096774
"ko:K17797",810.488372093023
"ko:K17798",654.05
"ko:K17799",856.125
"ko:K17800",1327.72602739726
"ko:K17801",665.914285714286
"ko:K17802",236
"ko:K17803",822.96
"ko:K17804",933.627906976744
"ko:K17805",527.16
"ko:K17806",590.8125
"ko:K17807",976.923076923077
"ko:K17808",457.5
"ko:K17815",1613.33333333333
"ko:K17818",693.5
"ko:K17822",735.111111111111
"ko:K17866",1239.09523809524
"ko:K17867",383.357142857143
"ko:K17868",1017.67924528302
"ko:K17871",1644.24161073826
"ko:K17878",727.666666666667
"ko:K17887",2185.171875
"ko:K17900",1191.42857142857
"ko:K17906",2394.10588235294
"ko:K17907",1166.8875
"ko:K17908",1127.0412371134
"ko:K17909",877.888888888889
"ko:K17917",1262.48275862069
"ko:K17918",482.057142857143
"ko:K17919",1335.075
"ko:K17922",984.204545454545
"ko:K17943,ko:K17944",1138.41818181818
"ko:K17945",408.292682926829
"ko:K17967",1009.14705882353
"ko:K17968",279.875
"ko:K17969",781.354838709677
"ko:K17971",1670.3125
"ko:K17972",555.6
"ko:K17973",1905.24489795918
"ko:K17974",2636.36170212766
"ko:K17976",1252.39285714286
"ko:K17977",646.767857142857
"ko:K17978",2982.72413793103
"ko:K17979",1324.04347826087
"ko:K17980",1366.11764705882
"ko:K17981",502.25
"ko:K17983",877.933333333333
"ko:K17984",1614.33333333333
"ko:K17987,ko:K21997",1104.55555555556
"ko:K17989",712.530612244898
"ko:K18043",508.9
"ko:K18044,ko:K18045",428.76
"ko:K18045",768.627906976744
"ko:K18046",511.888888888889
"ko:K18064",206.571428571429
"ko:K18064,ko:K18065",492.15
"ko:K18083",1624.06578947368
"ko:K18097",1047.15
"ko:K18155",1299
"ko:K18156",823.714285714286
"ko:K18158",1539.3829787234
"ko:K18167",194.25
"ko:K18168,ko:K20352",597.342857142857
"ko:K18170",318.931034482759
"ko:K18171",364.909090909091
"ko:K18172",395.052631578947
"ko:K18173",733.636363636364
"ko:K18174",237.947368421053
"ko:K18176",309.72
"ko:K18177",321.214285714286
"ko:K18178",386
"ko:K18179",453.521739130435
"ko:K18181",274.333333333333
"ko:K18182",391.071428571429
"ko:K18183",349.5
"ko:K18184",622.894736842105
"ko:K18185",444.870967741935
"ko:K18187",369.9
"ko:K18188",352.04347826087
"ko:K18191",445.263157894737
"ko:K18192",813.1875
"ko:K18203",759
"ko:K18204,ko:K21618",1069.5
"ko:K18278",1062.375
"ko:K18327",715.5
"ko:K18328",946.102941176471
"ko:K18342",762.22641509434
"ko:K18369",1130.25
"ko:K18423",1576.46428571429
"ko:K18442",2269.96753246753
"ko:K18443",1720.24
"ko:K18466",913.340425531915
"ko:K18468",1148.40740740741
"ko:K18469",987.555555555556
"ko:K18477",1094.74468085106
"ko:K18532",497.464285714286
"ko:K18550",1194
"ko:K18551",932.785714285714
"ko:K18561",1516.51851851852
"ko:K18573",1178.4
"ko:K18584",1267.17073170732
"ko:K18586",878.052631578947
"ko:K18587",754.636363636364
"ko:K18588",387.264705882353
"ko:K18599",795.697674418605
"ko:K18600",559.285714285714
"ko:K18624",1330.5
"ko:K18626",1905.61111111111
"ko:K18637",1068.89473684211
"ko:K18638",1984.17857142857
"ko:K18639",2101.28571428571
"ko:K18655",1886.47058823529
"ko:K18658",1409.33333333333
"ko:K18664",2241.32278481013
"ko:K18667",1476.23076923077
"ko:K18670",1532.85483870968
"ko:K18693",827.756756756757
"ko:K18696",2866.29473684211
"ko:K18712",2150.55882352941
"ko:K18713",629.318181818182
"ko:K18714",1327.36363636364
"ko:K18715",3498.15517241379
"ko:K18716",1033.3
"ko:K18718",1737
"ko:K18719",1629.20930232558
"ko:K18721",2567.74285714286
"ko:K18722",1626
"ko:K18723",1265.51351351351
"ko:K18724",1040.4
"ko:K18725",2016.45283018868
"ko:K18726",1177.5
"ko:K18730",2053.21052631579
"ko:K18731",709.875
"ko:K18732",564.976744186047
"ko:K18736",505.25
"ko:K18737",982.371428571429
"ko:K18738",1105.32558139535
"ko:K18748",2316.75862068966
"ko:K18749",733.5
"ko:K18752",1809.45
"ko:K18757",963.346153846154
"ko:K18759",1037
"ko:K18798",1100.73214285714
"ko:K18802",1532
"ko:K18803",875.25
"ko:K18804",1025.76315789474
"ko:K18849",686.711538461538
"ko:K18852",332
"ko:K18914",1036.11290322581
"ko:K18932",667.207792207792
"ko:K18980",1963.89473684211
"ko:K19001",1723.44
"ko:K19029",1080.234375
"ko:K19030",1590.80769230769
"ko:K19054",502.3125
"ko:K19177",850.933333333333
"ko:K19202",472.846153846154
"ko:K19306",1046.29411764706
"ko:K19307",547.26
"ko:K19308",818.85
"ko:K19323",611.238805970149
"ko:K19327",2054.25
"ko:K19386",797.196428571429
"ko:K19475",1109.60204081633
"ko:K19476",586.615384615385
"ko:K19487",2245.85714285714
"ko:K19525",2958.69718309859
"ko:K19564",1459.83050847458
"ko:K19565",778.772727272727
"ko:K19589",685.064516129032
"ko:K19619",2355.68181818182
"ko:K19703",1650.11538461538
"ko:K19704",786.658536585366
"ko:K19705",1330
"ko:K19708",1096.2380952381
"ko:K19717",662.553191489362
"ko:K19718",1502.68421052632
"ko:K19720",292.5
"ko:K19770",542.872340425532
"ko:K19781",1056.5
"ko:K19782",1688.13636363636
"ko:K19783",1019.1
"ko:K19785",498.857142857143
"ko:K19786",604.333333333333
"ko:K19787",806.310810810811
"ko:K19788",1007.75
"ko:K19791",2111.02547770701
"ko:K19792",1594.16129032258
"ko:K19798,ko:K19799",2141.48076923077
"ko:K19799",328.285714285714
"ko:K19801",2296.6875
"ko:K19806",1759.5
"ko:K19808",402
"ko:K19815",1553.25
"ko:K19816",1250.14285714286
"ko:K19828",794.086956521739
"ko:K19829",1464.48837209302
"ko:K19830",1216.96551724138
"ko:K19838",1153.92452830189
"ko:K19841",731.76
"ko:K19842",1977.60526315789
"ko:K19842,ko:K19843",1519.74725274725
"ko:K19844",3207.82894736842
"ko:K19845",1164.20338983051
"ko:K19846",3069.5
"ko:K19848",3224.12727272727
"ko:K19849",2181.52941176471
"ko:K19850",1121.15384615385
"ko:K19851,ko:K22493",915.391304347826
"ko:K19852",3278.09677419355
"ko:K19877",2545.04166666667
"ko:K19880",1584.94444444444
"ko:K19881",1483
"ko:K19898,ko:K22493",1769.91780821918
"ko:K19932",374.294117647059
"ko:K19940",1102.0985915493
"ko:K19950",1475.85245901639
"ko:K19951",1702.37288135593
"ko:K19952",654.058823529412
"ko:K19953",1364.95384615385
"ko:K19983",2421.39285714286
"ko:K19984",1355.26086956522
"ko:K19985",1426.90540540541
"ko:K19986",1825.64285714286
"ko:K19992",444.391304347826
"ko:K19996",967.75
"ko:K19998",1516.90476190476
"ko:K20003",798.241935483871
"ko:K20028",750.169811320755
"ko:K20032",1526.03703703704
"ko:K20039",1668.42857142857
"ko:K20040",3228.77142857143
"ko:K20042",2318.38095238095
"ko:K20044",2020.36708860759
"ko:K20046",3388.23913043478
"ko:K20047",4564.12121212121
"ko:K20048",968.234042553191
"ko:K20059",1123.10769230769
"ko:K20060",1966.70886075949
"ko:K20061",2191.52380952381
"ko:K20062",1871.41071428571
"ko:K20063",1992.84
"ko:K20102",558.857142857143
"ko:K20120",923.045454545455
"ko:K20121",1177.62857142857
"ko:K20131",1076.22222222222
"ko:K20168",1943.88461538462
"ko:K20177",1841.49152542373
"ko:K20178",1971.81428571429
"ko:K20179",1300.35164835165
"ko:K20180",1419.94029850746
"ko:K20181",1659.14814814815
"ko:K20182",1364.4
"ko:K20183",1788
"ko:K20184",2291.90769230769
"ko:K20195",1376.76923076923
"ko:K20221",2251.68181818182
"ko:K20222",2298.5421686747
"ko:K20223",1871
"ko:K20224",1928.78260869565
"ko:K20237",1758.75
"ko:K20238",1809
"ko:K20241",2039.64705882353
"ko:K20279",2005.92857142857
"ko:K20280",751.024390243902
"ko:K20286",1655.70731707317
"ko:K20290",1598.5
"ko:K20291",1376.09589041096
"ko:K20293",1397.05714285714
"ko:K20295",1443.61538461538
"ko:K20297",433.909090909091
"ko:K20298",1321.8
"ko:K20299",1502.27027027027
"ko:K20300",533.842105263158
"ko:K20301",529.8
"ko:K20302",620.25
"ko:K20303",564.25
"ko:K20305",1511.51020408163
"ko:K20306",2231.01639344262
"ko:K20307",1893.7397260274
"ko:K20311",1056.47058823529
"ko:K20312",369.857142857143
"ko:K20316",210.9
"ko:K20318",430.1
"ko:K20346",611.018181818182
"ko:K20347",597.2
"ko:K20352",661.105263157895
"ko:K20353",3623.43564356436
"ko:K20359",606.488372093023
"ko:K20360",1105.2
"ko:K20362",1048.66666666667
"ko:K20363",685.230769230769
"ko:K20366",817.054054054054
"ko:K20367",1141.46153846154
"ko:K20368",465.870967741935
"ko:K20369",961.821428571429
"ko:K20372",1021.42105263158
"ko:K20403",1795.28571428571
"ko:K20404",1880.7890625
"ko:K20405",1060.0253164557
"ko:K20406",1579.1625
"ko:K20407",1892.21428571429
"ko:K20408",2302.13924050633
"ko:K20409",1915.81651376147
"ko:K20410",2327.22857142857
"ko:K20456",3134.05714285714
"ko:K20457",865.180327868852
"ko:K20463",1408.05633802817
"ko:K20465",1598.16393442623
"ko:K20471",1493.45454545455
"ko:K20472",523
"ko:K20474",1275.64285714286
"ko:K20475",1613.83783783784
"ko:K20476",1700.578125
"ko:K20477",1340.47058823529
"ko:K20498",1102.77049180328
"ko:K20520",2431.08620689655
"ko:K20521",2944.81967213115
"ko:K20522",1018.39655172414
"ko:K20523",1653.72151898734
"ko:K20524",1046.89655172414
"ko:K20526",562.333333333333
"ko:K20643",1690.18867924528
"ko:K20724",905.264150943396
"ko:K20780",1785.70909090909
"ko:K20791",637.2
"ko:K20792",1848.328125
"ko:K20793",503.647058823529
"ko:K20794",856.448275862069
"ko:K20803",669.75
"ko:K20815",561.84
"ko:K20823",1420.29230769231
"ko:K20824",238.846153846154
"ko:K20826",1533.5
"ko:K20827",516.5
"ko:K20872",671.111111111111
"ko:K20989",1621.04761904762
"ko:K21027",853.677966101695
"ko:K21141",769.363636363636
"ko:K21143",360.272727272727
"ko:K21144",467
"ko:K21145",1012
"ko:K21155",763.384615384615
"ko:K21156",2125.59183673469
"ko:K21157",737.6
"ko:K21157,ko:K21158",1784.15853658537
"ko:K21197",742.625
"ko:K21391",1731.65454545455
"ko:K21456",1128.62264150943
"ko:K21543",1222.06451612903
"ko:K21544",749.675675675676
"ko:K21545",1343.625
"ko:K21594",1407.48648648649
"ko:K21618",1567.66666666667
"ko:K21627",3240.36206896552
"ko:K21628",1092.48
"ko:K21631",1162.6875
"ko:K21641",2182.02739726027
"ko:K21642",1047.18181818182
"ko:K21646",1936.64285714286
"ko:K21671",1125.92307692308
"ko:K21751",399.45
"ko:K21752",442.090909090909
"ko:K21766",1017.64864864865
"ko:K21767",1936.59574468085
"ko:K21768",994.571428571429
"ko:K21797",1228.5
"ko:K21804",530.85
"ko:K21806",730.85
"ko:K21842",1510.60869565217
"ko:K21845",1747.875
"ko:K21848",492.409090909091
"ko:K21849",384
"ko:K21850",1975.04347826087
"ko:K21864",2437.16
"ko:K21989",2197.2024291498
"ko:K21991",1412.22580645161
"ko:K21996",1250.0625
"ko:K22008",1018.078125
"ko:K22009",1365.70212765957
"ko:K22063",544.8
"ko:K22066",366.214285714286
"ko:K22068",537.236842105263
"ko:K22069",425.444444444444
"ko:K22071",438.5
"ko:K22072",637.411764705882
"ko:K22073",1021.95652173913
"ko:K22074",654.586956521739
"ko:K22075",290.647058823529
"ko:K22124",855
"ko:K22132",981.195652173913
"ko:K22133",1261.58823529412
"ko:K22138",580.875
"ko:K22139",636.975
"ko:K22140",1667.41558441558
"ko:K22193",974.228571428571
"ko:K22211",996.692307692308
"ko:K22238",385.636363636364
"ko:K22239",178.2
"ko:K22240",317
"ko:K22241",308.4
"ko:K22242",732.45
"ko:K22243",465.857142857143
"ko:K22255",296.863636363636
"ko:K22258",600.666666666667
"ko:K22260",827.368421052632
"ko:K22262",2339.93548387097
"ko:K22264",960.75
"ko:K22285",1151.73684210526
"ko:K22315",927.342857142857
"ko:K22381",1567.96153846154
"ko:K22382",1551.21428571429
"ko:K22384",722.806451612903
"ko:K22386",725.04
"ko:K22438",920.634146341463
"ko:K22483",988.8125
"ko:K22484",764.769230769231
"ko:K22485",1304.16
"ko:K22493",989.142857142857
